[{"Headline":":: Alpha-shape ::","Subheadline":"","Text":"This class can find an alpha shape that contains a set of points known as the concave hull.","Islink":"true","Link":"https:\/\/tetramatrix.github.io\/alphashape\/","Image":"https:\/\/mt1.google.com\/vt\/lyrs=s&x=201453&y=425302&z=20","Isimage":"true", "Target":"_self","Height":"300px","Width":"300px","toggle":"on","Kategorie":"on","Sorting":"off","brickid":"off","Additem":"Prepend","OnClick":"","morepics":[]},{"Headline":":: AWS Certified Cloud Practitioner ::","Subheadline":"","Text":"AWS Certified Cloud Practitioner Quiz.","Islink":"true","Link":"https:\/\/tetramatrix.github.io\/aws-certified-cloud-practitioner\/","Image":"https:\/\/mt1.google.com\/vt\/lyrs=s&x=201452&y=425310&z=20","Isimage":"true", "Target":"_self","Height":"300px","Width":"300px","toggle":"on","Kategorie":"on","Sorting":"off","brickid":"off","Additem":"Prepend","OnClick":"","morepics":[]},{"Headline":":: Additively weighted Voronoi diagram ::","Subheadline":"","Text":"The additively weighted Voronoi diagram is defined when positive weights are subtracted from the distances between points. In the plane under the ordinary Euclidean distance this diagram is also known as the hyperbolic Dirichlet tessellation and its edges are hyperbolic arc and straight line segments.","Islink":"true","Link":"https:\/\/tetramatrix.github.io\/awvd\/","Image":"https:\/\/mt1.google.com\/vt\/lyrs=s&x=201453&y=425303&z=20","Isimage":"true","Target":"_self","Height":"300px","Width":"300px","toggle":"on","Kategorie":"on","Sorting":"off","brickid":"off","Additem":"Prepend","OnClick":"","morepics":[]},{"Headline":":: Better-PHP-License-Manager-System ::","Subheadline":"","Text":"","Islink":"false","Link":"https:\/\/tetramatrix.github.io\/Better-PHP-License-Manager-System\/","Image":"https:\/\/mt1.google.com\/vt\/lyrs=s&x=201453&y=425304&z=20","Isimage":"true","Target":"_self","Height":"300px","Width":"300px","toggle":"on","Kategorie":"on","Sorting":"off","brickid":"off","Additem":"Prepend","OnClick":"","morepics":[]},{"Headline":":: bash-regexp ::","Subheadline":"","Text":"","Islink":"false","Link":"https:\/\/tetramatrix.github.io\/bash-regexp\/","Image":"https:\/\/mt1.google.com\/vt\/lyrs=s&x=201453&y=425305&z=20","Isimage":"true","Target":"_self","Height":"300px","Width":"300px","toggle":"on","Kategorie":"off","Sorting":"off","brickid":"off","Additem":"Prepend","OnClick":"","morepics":[]},{"Headline":":: christofidesheuristic ::","Subheadline":"","Text":"","Islink":"false","Link":"https:\/\/tetramatrix.github.io\/christofidesheuristic\/","Image":"https:\/\/mt1.google.com\/vt\/lyrs=s&x=201453&y=425306&z=20","Isimage":"true","Target":"_self","Height":"300px","Width":"300px","toggle":"on","Kategorie":"off","Sorting":"off","brickid":"off","Additem":"Prepend","OnClick":"","morepics":[]},{"Headline":":: How to Render 3D Surfaces in PHP - PHP Contour Plot package ::","Subheadline":"","Text":"Some applications require the visualization of 3 dimensional surfaces in 2 dimensional image. Contour plots allow us to render a representation of 3 dimensional surfaces that represent irregular shapes like for instance from a geographic map.","Islink":"false","Link":"https:\/\/tetramatrix.github.io\/cntm\/","Image":"https:\/\/mt1.google.com\/vt\/lyrs=s&x=201454&y=425302&z=20","Isimage":"true","Target":"_self","Height":"300px","Width":"300px","toggle":"on","Kategorie":"on","Sorting":"off","brickid":"off","Additem":"Prepend","OnClick":"","morepics":[]},{"Headline":":: concavehull ::","Subheadline":"","Text":"","Islink":"false","Link":"https:\/\/tetramatrix.github.io\/concavehull\/","Image":"https:\/\/mt1.google.com\/vt\/lyrs=s&x=201454&y=425303&z=20","Isimage":"true","Target":"_self","Height":"300px","Width":"300px","toggle":"on","Kategorie":"on","Sorting":"off","brickid":"off","Additem":"Prepend","OnClick":"","morepics":[]},{"Headline":":: dotsgame ::","Subheadline":"","Text":"","Islink":"false","Link":"https:\/\/tetramatrix.github.io\/dotsgame\/","Image":"https:\/\/mt1.google.com\/vt\/lyrs=s&x=201454&y=425304&z=20","Isimage":"true","Target":"_self","Height":"300px","Width":"300px","toggle":"on","Kategorie":"on","Sorting":"off","brickid":"off","Additem":"Prepend","OnClick":"","morepics":[]},{"Headline":":: dotsgamechrome ::","Subheadline":"","Text":"","Islink":"false","Link":"https:\/\/tetramatrix.github.io\/dotsgamechrome\/","Image":"https:\/\/mt1.google.com\/vt\/lyrs=s&x=201454&y=425305&z=20","Isimage":"true","Target":"_self","Height":"300px","Width":"300px","toggle":"on","Kategorie":"on","Sorting":"off","brickid":"off","Additem":"Prepend","OnClick":"","morepics":[]},{"Headline":":: Doxmyip ::","Subheadline":"","Text":"Doxmyip is a simple IP address browser for Windows.","Islink":"false","Link":"https:\/\/tetramatrix.github.io\/doxmyipwindowstool\/","Image":"https:\/\/mt1.google.com\/vt\/lyrs=s&x=201454&y=425306&z=20","Isimage":"true","Target":"_self","Height":"300px","Width":"300px","toggle":"on","Kategorie":"on","Sorting":"off","brickid":"off","Additem":"Prepend","OnClick":"","morepics":[]},{"Headline":":: energytools ::","Subheadline":"","Text":"","Islink":"false","Link":"https:\/\/tetramatrix.github.io\/energytools\/","Image":"https:\/\/mt1.google.com\/vt\/lyrs=s&x=201455&y=425302&z=20","Isimage":"true","Target":"_self","Height":"300px","Width":"300px","toggle":"on","Kategorie":"on","Sorting":"off","brickid":"off","Additem":"Prepend","OnClick":"","morepics":[]},{"Headline":":: eulercircuit ::","Subheadline":"","Text":"","Islink":"false","Link":"https:\/\/tetramatrix.github.io\/eulercircuit\/","Image":"https:\/\/mt1.google.com\/vt\/lyrs=s&x=201455&y=425303&z=20","Isimage":"true","Target":"_self","Height":"300px","Width":"300px","toggle":"on","Kategorie":"on","Sorting":"off","brickid":"off","Additem":"Prepend","OnClick":"","morepics":[]},{"Headline":":: Faster-PHP-IP2Location ::","Subheadline":"","Text":"","Islink":"false","Link":"https:\/\/tetramatrix.github.io\/Faster-PHP-IP2Location\/","Image":"https:\/\/mt1.google.com\/vt\/lyrs=s&x=201455&y=425304&z=20","Isimage":"true","Target":"_self","Height":"300px","Width":"300px","toggle":"on","Kategorie":"on","Sorting":"off","brickid":"off","Additem":"Prepend","OnClick":"","morepics":[]},{"Headline":":: fastpm ::","Subheadline":"","Text":"","Islink":"false","Link":"https:\/\/tetramatrix.github.io\/fastpm\/","Image":"https:\/\/mt1.google.com\/vt\/lyrs=s&x=201455&y=425305&z=20","Isimage":"true","Target":"_self","Height":"300px","Width":"300px","toggle":"on","Kategorie":"on","Sorting":"off","brickid":"off","Additem":"Prepend","OnClick":"","morepics":[]},{"Headline":":: Android finetune ::","Subheadline":"","Text":"Top-notch professional fast tune up finetune android package. Tested with Nokia N900 (Maemo), Gionee Pioneer GN 100, Lenovo A536, Cubot Note S (Android 6).","Islink":"false","Link":"https:\/\/tetramatrix.github.io\/finetune\/","Image":"https:\/\/mt1.google.com\/vt\/lyrs=s&x=201455&y=425306&z=20","Isimage":"true","Target":"_self","Height":"550px","Width":"300px","toggle":"on","Kategorie":"on","Sorting":"off","brickid":"off","Additem":"Prepend","OnClick":"","morepics":[]},{"Headline":":: fractalgenerator ::","Subheadline":"","Text":"","Islink":"false","Link":"https:\/\/tetramatrix.github.io\/fractalgenerator\/","Image":"https:\/\/mt1.google.com\/vt\/lyrs=s&x=201456&y=425302&z=20","Isimage":"true","Target":"_self","Height":"300px","Width":"300px","toggle":"on","Kategorie":"on","Sorting":"off","brickid":"off","Additem":"Prepend","OnClick":"","morepics":[]}]