[{"Headline":":: game-db ::","Subheadline":"","Text":"","Islink":"false","Link":"https:\/\/tetramatrix.github.io\/game-db\/","Image":"https:\/\/maps.googleapis.com\/maps\/vt?pb=!1m5!1m4!1i17!2i25181!3i53163!4i256!2m1!1e1!2m3!1e0!2sm!3i708457809!3m12!2sen-US!3sUS!5e18!12m4!1e68!2m2!1sset!2sRoadmapSatellite!12m3!1e37!2m1!1ssmartmaps!4e0!5m1!1e3!23i47083502","Isimage":"true","Target":"_self","Height":"300px","Width":"300px","toggle":"on","Kategorie":"on","Sorting":"off","brickid":"off","Additem":"Prepend","OnClick":"","morepics":[]},{"Headline":":: Pure PHP geofence implementation ::","Subheadline":"","Text":"","Islink":"false","Link":"https:\/\/tetramatrix.github.io\/geofence\/","Image":"https:\/\/maps.googleapis.com\/maps\/vt?pb=!1m5!1m4!1i17!2i25182!3i53163!4i256!2m1!1e1!2m3!1e0!2sm!3i708457185!3m12!2sen-US!3sUS!5e18!12m4!1e68!2m2!1sset!2sRoadmapSatellite!12m3!1e37!2m1!1ssmartmaps!4e0!5m1!1e3!23i47083502","Isimage":"true","Target":"_self","Height":"440px","Width":"300px","toggle":"on","Kategorie":"on","Sorting":"off","brickid":"off","Additem":"Prepend","OnClick":"","morepics":[]},{"Headline":":: I-Ching\/I-Ging ::","Subheadline":"","Text":"","Islink":"false","Link":"https:\/\/tetramatrix.github.io\/hexagram\/","Image":"https:\/\/maps.googleapis.com\/maps\/vt?pb=!1m5!1m4!1i17!2i25182!3i53161!4i256!2m1!1e1!2m3!1e0!2sm!3i708455625!3m12!2sen-US!3sUS!5e18!12m4!1e68!2m2!1sset!2sRoadmapSatellite!12m3!1e37!2m1!1ssmartmaps!4e0!5m1!1e3!23i47083502","Isimage":"true","Target":"_self","Height":"300px","Width":"300px","toggle":"on","Kategorie":"on","Sorting":"off","brickid":"off","Additem":"Prepend","OnClick":"","morepics":[]},{"Headline":":: IP2Location-Lite-Web-Viewer ::","Subheadline":"","Text":"","Islink":"false","Link":"https:\/\/tetramatrix.github.io\/IP2Location-Lite-Web-Viewer\/","Image":"https:\/\/maps.googleapis.com\/maps\/vt?pb=!1m5!1m4!1i17!2i25181!3i53161!4i256!2m1!1e1!2m3!1e0!2sm!3i708457809!3m12!2sen-US!3sUS!5e18!12m4!1e68!2m2!1sset!2sRoadmapSatellite!12m3!1e37!2m1!1ssmartmaps!4e0!5m1!1e3!23i47083502","Isimage":"true","Target":"_self","Height":"300px","Width":"300px","toggle":"on","Kategorie":"on","Sorting":"off","brickid":"off","Additem":"Prepend","OnClick":"","morepics":[]},{"Headline":":: Better IP2Location PHP Library ::","Subheadline":"","Text":"Winner 2016 IP2Location PHP library optimization contest! Faster query time!","Islink":"false","Link":"https:\/\/tetramatrix.github.io\/ip2locationphp\/","Image":"https:\/\/maps.googleapis.com\/maps\/vt?pb=!1m5!1m4!1i17!2i25181!3i53162!4i256!2m1!1e1!2m3!1e0!2sm!3i708457185!3m12!2sen-US!3sUS!5e18!12m4!1e68!2m2!1sset!2sRoadmapSatellite!12m3!1e37!2m1!1ssmartmaps!4e0!5m1!1e3!23i47083502","Isimage":"true","Target":"_self","Height":"300px","Width":"300px","toggle":"on","Kategorie":"on","Sorting":"off","brickid":"off","Additem":"Prepend","OnClick":"","morepics":[]},{"Headline":":: Better IP2Location PHP Library ::","Subheadline":"","Text":"Winner 2016 IP2Location PHP library optimization contest! Faster query time!","Islink":"false","Link":"https:\/\/tetramatrix.github.io\/ip2locationphp\/","Image":"https:\/\/maps.googleapis.com\/maps\/vt?pb=!1m5!1m4!1i17!2i25182!3i53162!4i256!2m1!1e1!2m3!1e0!2sm!3i708457185!3m12!2sen-US!3sUS!5e18!12m4!1e68!2m2!1sset!2sRoadmapSatellite!12m3!1e37!2m1!1ssmartmaps!4e0!5m1!1e3!23i47083502","Isimage":"true","Target":"_self","Height":"300px","Width":"300px","toggle":"on","Kategorie":"on","Sorting":"off","brickid":"off","Additem":"Prepend","OnClick":"","morepics":[]},{"Headline":":: javavmoptions ::","Subheadline":"","Text":"","Islink":"false","Link":"https:\/\/tetramatrix.github.io\/javavmoptions\/","Image":"https:\/\/maps.googleapis.com\/maps\/vt?pb=!1m5!1m4!1i17!2i25180!3i53161!4i256!2m1!1e1!2m3!1e0!2sm!3i708457809!3m12!2sen-US!3sUS!5e18!12m4!1e68!2m2!1sset!2sRoadmapSatellite!12m3!1e37!2m1!1ssmartmaps!4e0!5m1!1e3!23i47083502","Isimage":"true","Target":"_self","Height":"300px","Width":"300px","toggle":"on","Kategorie":"on","Sorting":"off","brickid":"off","Additem":"Prepend","OnClick":"","morepics":[]},{"Headline":":: karttrie ::","Subheadline":"","Text":"","Islink":"false","Link":"https:\/\/tetramatrix.github.io\/karttrie\/","Image":"https:\/\/maps.googleapis.com\/maps\/vt?pb=!1m5!1m4!1i17!2i25180!3i53161!4i256!2m1!1e1!2m3!1e0!2sm!3i708457809!3m12!2sen-US!3sUS!5e18!12m4!1e68!2m2!1sset!2sRoadmapSatellite!12m3!1e37!2m1!1ssmartmaps!4e0!5m1!1e3!23i47083502","Isimage":"true","Target":"_self","Height":"300px","Width":"300px","toggle":"on","Kategorie":"on","Sorting":"off","brickid":"off","Additem":"Prepend","OnClick":"","morepics":[]},{"Headline":":: knearestneighbor ::","Subheadline":"","Text":"","Islink":"false","Link":"https:\/\/tetramatrix.github.io\/knearestneighbor\/","Image":"https:\/\/maps.googleapis.com\/maps\/vt?pb=!1m5!1m4!1i17!2i25180!3i53163!4i256!2m1!1e1!2m3!1e0!2sm!3i708457809!3m12!2sen-US!3sUS!5e18!12m4!1e68!2m2!1sset!2sRoadmapSatellite!12m3!1e37!2m1!1ssmartmaps!4e0!5m1!1e3!23i47083502","Isimage":"true","Target":"_self","Height":"300px","Width":"300px","toggle":"on","Kategorie":"on","Sorting":"off","brickid":"off","Additem":"Prepend","OnClick":"","morepics":[]}]