[
    {
        "Headline": ":: Additively weighted Voronoi diagram ::",
        "Subheadline": "",
        "Text": "The additively weighted Voronoi diagram is defined when positive weights are subtracted from the distances between points. In the plane under the ordinary Euclidean distance this diagram is also known as the hyperbolic Dirichlet tessellation and its edges are hyperbolic arc and straight line segments.",
        "Islink": "true",
        "Link": "https://tetramatrix.github.io/awvd/",
        "Image": "https://maps.googleapis.com/maps/vt?pb=!1m5!1m4!1i17!2i25182!3i53163!4i256!2m1!1e1!2m3!1e0!2sm!3i708457185!3m12!2sen-US!3sUS!5e18!12m4!1e68!2m2!1sset!2sRoadmapSatellite!12m3!1e37!2m1!1ssmartmaps!4e0!5m1!1e3!23i47083502",
        "Isimage": "true",
        "Target": "_self",
        "Height": "300px",
        "Width": "300px",
        "toggle": "on",
        "Kategorie": "on",
        "Sorting": "off",
        "brickid": "off",
        "Additem": "Prepend",
        "OnClick": "",
        "morepics": []
    },
    {
        "Headline": ":: Alpha-shape ::",
        "Subheadline": "",
        "Text": "This class can find an alpha shape that contains a set of points known as the concave hull.",
        "Islink": "true",
        "Link": "https://tetramatrix.github.io/alphashape/",
        "Image": "https://maps.googleapis.com/maps/vt?pb=!1m5!1m4!1i17!2i25181!3i53163!4i256!2m1!1e1!2m3!1e0!2sm!3i708457809!3m12!2sen-US!3sUS!5e18!12m4!1e68!2m2!1sset!2sRoadmapSatellite!12m3!1e37!2m1!1ssmartmaps!4e0!5m1!1e3!23i47083502",
        "Isimage": "true",
        "Target": "_self",
        "Height": "300px",
        "Width": "300px",
        "toggle": "on",
        "Kategorie": "on",
        "Sorting": "off",
        "brickid": "off",
        "Additem": "Prepend",
        "OnClick": "",
        "morepics": []
    },
    {
        "Headline": ":: Android finetune ::",
        "Subheadline": "",
        "Text": "Top-notch professional fast tune up finetune android package. Tested with Nokia N900 (Maemo), Gionee Pioneer GN 100, Lenovo A536, Cubot Note S (Android 6).",
        "Islink": "false",
        "Link": "https://tetramatrix.github.io/finetune/",
        "Image": "https://maps.googleapis.com/maps/vt?pb=!1m5!1m4!1i17!2i25180!3i53161!4i256!2m1!1e1!2m3!1e0!2sm!3i708457809!3m12!2sen-US!3sUS!5e18!12m4!1e68!2m2!1sset!2sRoadmapSatellite!12m3!1e37!2m1!1ssmartmaps!4e0!5m1!1e3!23i47083502",
        "Isimage": "true",
        "Target": "_self",
        "Height": "300px",
        "Width": "300px",
        "toggle": "on",
        "Kategorie": "on",
        "Sorting": "off",
        "brickid": "off",
        "Additem": "Prepend",
        "OnClick": "",
        "morepics": []
    },
    {
        "Headline": ":: AWS Certified Cloud Practitioner ::",
        "Subheadline": "",
        "Text": "AWS Certified Cloud Practitioner Quiz.",
        "Islink": "true",
        "Link": "https://tetramatrix.github.io/aws-certified-cloud-practitioner/",
        "Image": "https://mt1.google.com/vt/lyrs=s&x=201452&y=425310&z=20",
        "Isimage": "true",
        "Target": "_self",
        "Height": "300px",
        "Width": "300px",
        "toggle": "on",
        "Kategorie": "on",
        "Sorting": "off",
        "brickid": "off",
        "Additem": "Prepend",
        "OnClick": "",
        "morepics": []
    },
    {
        "Headline": ":: bash-regexp ::",
        "Subheadline": "",
        "Text": "",
        "Islink": "false",
        "Link": "https://tetramatrix.github.io/bash-regexp/",
        "Image": "https://maps.googleapis.com/maps/vt?pb=!1m5!1m4!1i17!2i25181!3i53161!4i256!2m1!1e1!2m3!1e0!2sm!3i708457809!3m12!2sen-US!3sUS!5e18!12m4!1e68!2m2!1sset!2sRoadmapSatellite!12m3!1e37!2m1!1ssmartmaps!4e0!5m1!1e3!23i47083502",
        "Isimage": "true",
        "Target": "_self",
        "Height": "300px",
        "Width": "300px",
        "toggle": "on",
        "Kategorie": "off",
        "Sorting": "off",
        "brickid": "off",
        "Additem": "Prepend",
        "OnClick": "",
        "morepics": []
    },
    {
        "Headline": ":: Better IP2Location PHP Library ::",
        "Subheadline": "",
        "Text": "Winner 2016 IP2Location PHP library optimization contest! Faster query time!",
        "Islink": "false",
        "Link": "https://tetramatrix.github.io/ip2locationphp/",
        "Image": "https://maps.googleapis.com/maps/vt?pb=!1m5!1m4!1i17!2i25182!3i53163!4i256!2m1!1e1!2m3!1e0!2sm!3i708457185!3m12!2sen-US!3sUS!5e18!12m4!1e68!2m2!1sset!2sRoadmapSatellite!12m3!1e37!2m1!1ssmartmaps!4e0!5m1!1e3!23i47083502",
        "Isimage": "true",
        "Target": "_self",
        "Height": "300px",
        "Width": "300px",
        "toggle": "on",
        "Kategorie": "on",
        "Sorting": "off",
        "brickid": "off",
        "Additem": "Prepend",
        "OnClick": "",
        "morepics": []
    },
    {
        "Headline": ":: Better IP2Location PHP Library ::",
        "Subheadline": "",
        "Text": "Winner 2016 IP2Location PHP library optimization contest! Faster query time!",
        "Islink": "false",
        "Link": "https://tetramatrix.github.io/ip2locationphp/",
        "Image": "https://maps.googleapis.com/maps/vt?pb=!1m5!1m4!1i17!2i25182!3i53161!4i256!2m1!1e1!2m3!1e0!2sm!3i708455625!3m12!2sen-US!3sUS!5e18!12m4!1e68!2m2!1sset!2sRoadmapSatellite!12m3!1e37!2m1!1ssmartmaps!4e0!5m1!1e3!23i47083502",
        "Isimage": "true",
        "Target": "_self",
        "Height": "300px",
        "Width": "300px",
        "toggle": "on",
        "Kategorie": "on",
        "Sorting": "off",
        "brickid": "off",
        "Additem": "Prepend",
        "OnClick": "",
        "morepics": []
    },
    {
        "Headline": ":: Better-PHP-License-Manager-System ::",
        "Subheadline": "",
        "Text": "",
        "Islink": "false",
        "Link": "https://tetramatrix.github.io/Better-PHP-License-Manager-System/",
        "Image": "https://maps.googleapis.com/maps/vt?pb=!1m5!1m4!1i17!2i25182!3i53161!4i256!2m1!1e1!2m3!1e0!2sm!3i708455625!3m12!2sen-US!3sUS!5e18!12m4!1e68!2m2!1sset!2sRoadmapSatellite!12m3!1e37!2m1!1ssmartmaps!4e0!5m1!1e3!23i47083502",
        "Isimage": "true",
        "Target": "_self",
        "Height": "300px",
        "Width": "300px",
        "toggle": "on",
        "Kategorie": "on",
        "Sorting": "off",
        "brickid": "off",
        "Additem": "Prepend",
        "OnClick": "",
        "morepics": []
    },
    {
        "Headline": ":: christofidesheuristic ::",
        "Subheadline": "",
        "Text": "",
        "Islink": "false",
        "Link": "https://tetramatrix.github.io/christofidesheuristic/",
        "Image": "https://maps.googleapis.com/maps/vt?pb=!1m5!1m4!1i17!2i25181!3i53162!4i256!2m1!1e1!2m3!1e0!2sm!3i708457185!3m12!2sen-US!3sUS!5e18!12m4!1e68!2m2!1sset!2sRoadmapSatellite!12m3!1e37!2m1!1ssmartmaps!4e0!5m1!1e3!23i47083502",
        "Isimage": "true",
        "Target": "_self",
        "Height": "300px",
        "Width": "300px",
        "toggle": "on",
        "Kategorie": "off",
        "Sorting": "off",
        "brickid": "off",
        "Additem": "Prepend",
        "OnClick": "",
        "morepics": []
    },
    {
        "Headline": ":: concavehull ::",
        "Subheadline": "",
        "Text": "",
        "Islink": "false",
        "Link": "https://tetramatrix.github.io/concavehull/",
        "Image": "https://maps.googleapis.com/maps/vt?pb=!1m5!1m4!1i17!2i25180!3i53162!4i256!2m1!1e1!2m3!1e0!2sm!3i708457797!3m12!2sen-US!3sUS!5e18!12m4!1e68!2m2!1sset!2sRoadmapSatellite!12m3!1e37!2m1!1ssmartmaps!4e0!5m1!1e3!23i47083502",
        "Isimage": "true",
        "Target": "_self",
        "Height": "300px",
        "Width": "300px",
        "toggle": "on",
        "Kategorie": "on",
        "Sorting": "off",
        "brickid": "off",
        "Additem": "Prepend",
        "OnClick": "",
        "morepics": []
    },
    {
        "Headline": ":: Delaunay Triangulation ::",
        "Subheadline": "",
        "Text": "This package can perform a very fast Delaunay triangulation for a set of points in a plane. It uses the hilbert sort and the Bowyer-Watson algorithm.",
        "Islink": "false",
        "Link": "https://tetramatrix.github.io/triangulation/",
        "Image": "https://maps.googleapis.com/maps/vt?pb=!1m5!1m4!1i17!2i25181!3i53163!4i256!2m1!1e1!2m3!1e0!2sm!3i708457809!3m12!2sen-US!3sUS!5e18!12m4!1e68!2m2!1sset!2sRoadmapSatellite!12m3!1e37!2m1!1ssmartmaps!4e0!5m1!1e3!23i47083502",
        "Isimage": "true",
        "Target": "_self",
        "Height": "300px",
        "Width": "300px",
        "toggle": "on",
        "Kategorie": "on",
        "Sorting": "off",
        "brickid": "off",
        "Additem": "Prepend",
        "OnClick": "",
        "morepics": []
    },
    {
        "Headline": ":: dotsgame ::",
        "Subheadline": "",
        "Text": "",
        "Islink": "false",
        "Link": "https://tetramatrix.github.io/dotsgame/",
        "Image": "https://maps.googleapis.com/maps/vt?pb=!1m5!1m4!1i17!2i25180!3i53161!4i256!2m1!1e1!2m3!1e0!2sm!3i708457809!3m12!2sen-US!3sUS!5e18!12m4!1e68!2m2!1sset!2sRoadmapSatellite!12m3!1e37!2m1!1ssmartmaps!4e0!5m1!1e3!23i47083502",
        "Isimage": "true",
        "Target": "_self",
        "Height": "300px",
        "Width": "300px",
        "toggle": "on",
        "Kategorie": "on",
        "Sorting": "off",
        "brickid": "off",
        "Additem": "Prepend",
        "OnClick": "",
        "morepics": []
    },
    {
        "Headline": ":: dotsgamechrome ::",
        "Subheadline": "",
        "Text": "",
        "Islink": "false",
        "Link": "https://tetramatrix.github.io/dotsgamechrome/",
        "Image": "https://maps.googleapis.com/maps/vt?pb=!1m5!1m4!1i17!2i25180!3i53163!4i256!2m1!1e1!2m3!1e0!2sm!3i708457809!3m12!2sen-US!3sUS!5e18!12m4!1e68!2m2!1sset!2sRoadmapSatellite!12m3!1e37!2m1!1ssmartmaps!4e0!5m1!1e3!23i47083502",
        "Isimage": "true",
        "Target": "_self",
        "Height": "300px",
        "Width": "300px",
        "toggle": "on",
        "Kategorie": "on",
        "Sorting": "off",
        "brickid": "off",
        "Additem": "Prepend",
        "OnClick": "",
        "morepics": []
    },
    {
        "Headline": ":: Doxmyip ::",
        "Subheadline": "",
        "Text": "Doxmyip is a simple IP address browser for Windows.",
        "Islink": "false",
        "Link": "https://tetramatrix.github.io/doxmyipwindowstool/",
        "Image": "https://maps.googleapis.com/maps/vt?pb=!1m5!1m4!1i17!2i25181!3i53163!4i256!2m1!1e1!2m3!1e0!2sm!3i708457809!3m12!2sen-US!3sUS!5e18!12m4!1e68!2m2!1sset!2sRoadmapSatellite!12m3!1e37!2m1!1ssmartmaps!4e0!5m1!1e3!23i47083502",
        "Isimage": "true",
        "Target": "_self",
        "Height": "300px",
        "Width": "300px",
        "toggle": "on",
        "Kategorie": "on",
        "Sorting": "off",
        "brickid": "off",
        "Additem": "Prepend",
        "OnClick": "",
        "morepics": []
    },
    {
        "Headline": ":: energytools ::",
        "Subheadline": "",
        "Text": "",
        "Islink": "false",
        "Link": "https://tetramatrix.github.io/energytools/",
        "Image": "https://maps.googleapis.com/maps/vt?pb=!1m5!1m4!1i17!2i25182!3i53163!4i256!2m1!1e1!2m3!1e0!2sm!3i708457185!3m12!2sen-US!3sUS!5e18!12m4!1e68!2m2!1sset!2sRoadmapSatellite!12m3!1e37!2m1!1ssmartmaps!4e0!5m1!1e3!23i47083502",
        "Isimage": "true",
        "Target": "_self",
        "Height": "300px",
        "Width": "300px",
        "toggle": "on",
        "Kategorie": "on",
        "Sorting": "off",
        "brickid": "off",
        "Additem": "Prepend",
        "OnClick": "",
        "morepics": []
    },
    {
        "Headline": ":: eulercircuit ::",
        "Subheadline": "",
        "Text": "",
        "Islink": "false",
        "Link": "https://tetramatrix.github.io/eulercircuit/",
        "Image": "https://maps.googleapis.com/maps/vt?pb=!1m5!1m4!1i17!2i25182!3i53161!4i256!2m1!1e1!2m3!1e0!2sm!3i708455625!3m12!2sen-US!3sUS!5e18!12m4!1e68!2m2!1sset!2sRoadmapSatellite!12m3!1e37!2m1!1ssmartmaps!4e0!5m1!1e3!23i47083502",
        "Isimage": "true",
        "Target": "_self",
        "Height": "300px",
        "Width": "300px",
        "toggle": "on",
        "Kategorie": "on",
        "Sorting": "off",
        "brickid": "off",
        "Additem": "Prepend",
        "OnClick": "",
        "morepics": []
    },
    {
        "Headline": ":: Faster-PHP-IP2Location ::",
        "Subheadline": "",
        "Text": "",
        "Islink": "false",
        "Link": "https://tetramatrix.github.io/Faster-PHP-IP2Location/",
        "Image": "https://maps.googleapis.com/maps/vt?pb=!1m5!1m4!1i17!2i25181!3i53161!4i256!2m1!1e1!2m3!1e0!2sm!3i708457809!3m12!2sen-US!3sUS!5e18!12m4!1e68!2m2!1sset!2sRoadmapSatellite!12m3!1e37!2m1!1ssmartmaps!4e0!5m1!1e3!23i47083502",
        "Isimage": "true",
        "Target": "_self",
        "Height": "300px",
        "Width": "300px",
        "toggle": "on",
        "Kategorie": "on",
        "Sorting": "off",
        "brickid": "off",
        "Additem": "Prepend",
        "OnClick": "",
        "morepics": []
    },
    {
        "Headline": ":: fastpm ::",
        "Subheadline": "",
        "Text": "",
        "Islink": "false",
        "Link": "https://tetramatrix.github.io/fastpm/",
        "Image": "https://maps.googleapis.com/maps/vt?pb=!1m5!1m4!1i17!2i25181!3i53162!4i256!2m1!1e1!2m3!1e0!2sm!3i708457185!3m12!2sen-US!3sUS!5e18!12m4!1e68!2m2!1sset!2sRoadmapSatellite!12m3!1e37!2m1!1ssmartmaps!4e0!5m1!1e3!23i47083502",
        "Isimage": "true",
        "Target": "_self",
        "Height": "300px",
        "Width": "300px",
        "toggle": "on",
        "Kategorie": "on",
        "Sorting": "off",
        "brickid": "off",
        "Additem": "Prepend",
        "OnClick": "",
        "morepics": []
    },
    {
        "Headline": ":: fractalgenerator ::",
        "Subheadline": "",
        "Text": "",
        "Islink": "false",
        "Link": "https://tetramatrix.github.io/fractalgenerator/",
        "Image": "https://maps.googleapis.com/maps/vt?pb=!1m5!1m4!1i17!2i25182!3i53162!4i256!2m1!1e1!2m3!1e0!2sm!3i708457185!3m12!2sen-US!3sUS!5e18!12m4!1e68!2m2!1sset!2sRoadmapSatellite!12m3!1e37!2m1!1ssmartmaps!4e0!5m1!1e3!23i47083502",
        "Isimage": "true",
        "Target": "_self",
        "Height": "300px",
        "Width": "300px",
        "toggle": "on",
        "Kategorie": "on",
        "Sorting": "off",
        "brickid": "off",
        "Additem": "Prepend",
        "OnClick": "",
        "morepics": []
    },
    {
        "Headline": ":: game-db ::",
        "Subheadline": "",
        "Text": "",
        "Islink": "false",
        "Link": "https://tetramatrix.github.io/game-db/",
        "Image": "https://maps.googleapis.com/maps/vt?pb=!1m5!1m4!1i17!2i25180!3i53161!4i256!2m1!1e1!2m3!1e0!2sm!3i708457809!3m12!2sen-US!3sUS!5e18!12m4!1e68!2m2!1sset!2sRoadmapSatellite!12m3!1e37!2m1!1ssmartmaps!4e0!5m1!1e3!23i47083502",
        "Isimage": "true",
        "Target": "_self",
        "Height": "300px",
        "Width": "300px",
        "toggle": "on",
        "Kategorie": "on",
        "Sorting": "off",
        "brickid": "off",
        "Additem": "Prepend",
        "OnClick": "",
        "morepics": []
    },
    {
        "Headline": ":: How to Render 3D Surfaces in PHP - PHP Contour Plot package ::",
        "Subheadline": "",
        "Text": "Some applications require the visualization of 3 dimensional surfaces in 2 dimensional image. Contour plots allow us to render a representation of 3 dimensional surfaces that represent irregular shapes like for instance from a geographic map.",
        "Islink": "false",
        "Link": "https://tetramatrix.github.io/cntm/",
        "Image": "https://maps.googleapis.com/maps/vt?pb=!1m5!1m4!1i17!2i25182!3i53162!4i256!2m1!1e1!2m3!1e0!2sm!3i708457185!3m12!2sen-US!3sUS!5e18!12m4!1e68!2m2!1sset!2sRoadmapSatellite!12m3!1e37!2m1!1ssmartmaps!4e0!5m1!1e3!23i47083502",
        "Isimage": "true",
        "Target": "_self",
        "Height": "300px",
        "Width": "300px",
        "toggle": "on",
        "Kategorie": "on",
        "Sorting": "off",
        "brickid": "off",
        "Additem": "Prepend",
        "OnClick": "",
        "morepics": []
    },
    {
        "Headline": ":: I-Ching/I-Ging ::",
        "Subheadline": "",
        "Text": "",
        "Islink": "false",
        "Link": "https://tetramatrix.github.io/hexagram/",
        "Image": "https://maps.googleapis.com/maps/vt?pb=!1m5!1m4!1i17!2i25180!3i53163!4i256!2m1!1e1!2m3!1e0!2sm!3i708457809!3m12!2sen-US!3sUS!5e18!12m4!1e68!2m2!1sset!2sRoadmapSatellite!12m3!1e37!2m1!1ssmartmaps!4e0!5m1!1e3!23i47083502",
        "Isimage": "true",
        "Target": "_self",
        "Height": "300px",
        "Width": "300px",
        "toggle": "on",
        "Kategorie": "on",
        "Sorting": "off",
        "brickid": "off",
        "Additem": "Prepend",
        "OnClick": "",
        "morepics": []
    },
    {
        "Headline": ":: IP2Location-Lite-Web-Viewer ::",
        "Subheadline": "",
        "Text": "",
        "Islink": "false",
        "Link": "https://tetramatrix.github.io/IP2Location-Lite-Web-Viewer/",
        "Image": "https://maps.googleapis.com/maps/vt?pb=!1m5!1m4!1i17!2i25181!3i53163!4i256!2m1!1e1!2m3!1e0!2sm!3i708457809!3m12!2sen-US!3sUS!5e18!12m4!1e68!2m2!1sset!2sRoadmapSatellite!12m3!1e37!2m1!1ssmartmaps!4e0!5m1!1e3!23i47083502",
        "Isimage": "true",
        "Target": "_self",
        "Height": "300px",
        "Width": "300px",
        "toggle": "on",
        "Kategorie": "on",
        "Sorting": "off",
        "brickid": "off",
        "Additem": "Prepend",
        "OnClick": "",
        "morepics": []
    },
    {
        "Headline": ":: javavmoptions ::",
        "Subheadline": "",
        "Text": "",
        "Islink": "false",
        "Link": "https://tetramatrix.github.io/javavmoptions/",
        "Image": "https://maps.googleapis.com/maps/vt?pb=!1m5!1m4!1i17!2i25181!3i53161!4i256!2m1!1e1!2m3!1e0!2sm!3i708457809!3m12!2sen-US!3sUS!5e18!12m4!1e68!2m2!1sset!2sRoadmapSatellite!12m3!1e37!2m1!1ssmartmaps!4e0!5m1!1e3!23i47083502",
        "Isimage": "true",
        "Target": "_self",
        "Height": "300px",
        "Width": "300px",
        "toggle": "on",
        "Kategorie": "on",
        "Sorting": "off",
        "brickid": "off",
        "Additem": "Prepend",
        "OnClick": "",
        "morepics": []
    },
    {
        "Headline": ":: karttrie ::",
        "Subheadline": "",
        "Text": "",
        "Islink": "false",
        "Link": "https://tetramatrix.github.io/karttrie/",
        "Image": "https://maps.googleapis.com/maps/vt?pb=!1m5!1m4!1i17!2i25181!3i53162!4i256!2m1!1e1!2m3!1e0!2sm!3i708457185!3m12!2sen-US!3sUS!5e18!12m4!1e68!2m2!1sset!2sRoadmapSatellite!12m3!1e37!2m1!1ssmartmaps!4e0!5m1!1e3!23i47083502",
        "Isimage": "true",
        "Target": "_self",
        "Height": "300px",
        "Width": "300px",
        "toggle": "on",
        "Kategorie": "on",
        "Sorting": "off",
        "brickid": "off",
        "Additem": "Prepend",
        "OnClick": "",
        "morepics": []
    },
    {
        "Headline": ":: knearestneighbor ::",
        "Subheadline": "",
        "Text": "",
        "Islink": "false",
        "Link": "https://tetramatrix.github.io/knearestneighbor/",
        "Image": "https://maps.googleapis.com/maps/vt?pb=!1m5!1m4!1i17!2i25182!3i53162!4i256!2m1!1e1!2m3!1e0!2sm!3i708457185!3m12!2sen-US!3sUS!5e18!12m4!1e68!2m2!1sset!2sRoadmapSatellite!12m3!1e37!2m1!1ssmartmaps!4e0!5m1!1e3!23i47083502",
        "Isimage": "true",
        "Target": "_self",
        "Height": "300px",
        "Width": "300px",
        "toggle": "on",
        "Kategorie": "on",
        "Sorting": "off",
        "brickid": "off",
        "Additem": "Prepend",
        "OnClick": "",
        "morepics": []
    },
    {
        "Headline": ":: Linksys WAG200G firmware ::",
        "Subheadline": "",
        "Text": "",
        "Islink": "false",
        "Link": "https://tetramatrix.github.io/wag200gfirmware/",
        "Image": "https://maps.googleapis.com/maps/vt?pb=!1m5!1m4!1i17!2i25182!3i53162!4i256!2m1!1e1!2m3!1e0!2sm!3i708457185!3m12!2sen-US!3sUS!5e18!12m4!1e68!2m2!1sset!2sRoadmapSatellite!12m3!1e37!2m1!1ssmartmaps!4e0!5m1!1e3!23i47083502",
        "Isimage": "true",
        "Target": "_self",
        "Height": "300px",
        "Width": "300px",
        "toggle": "on",
        "Kategorie": "on",
        "Sorting": "off",
        "brickid": "off",
        "Additem": "Prepend",
        "OnClick": "",
        "morepics": []
    },
    {
        "Headline": ":: Linksys WAG200G toolchain ::",
        "Subheadline": "",
        "Text": "",
        "Islink": "false",
        "Link": "https://tetramatrix.github.io/wag200gtoolchain/",
        "Image": "https://maps.googleapis.com/maps/vt?pb=!1m5!1m4!1i17!2i25180!3i53161!4i256!2m1!1e1!2m3!1e0!2sm!3i708457809!3m12!2sen-US!3sUS!5e18!12m4!1e68!2m2!1sset!2sRoadmapSatellite!12m3!1e37!2m1!1ssmartmaps!4e0!5m1!1e3!23i47083502",
        "Isimage": "true",
        "Target": "_self",
        "Height": "300px",
        "Width": "300px",
        "toggle": "on",
        "Kategorie": "on",
        "Sorting": "off",
        "brickid": "off",
        "Additem": "Prepend",
        "OnClick": "",
        "morepics": []
    },
    {
        "Headline": ":: Mass-Downloader ::",
        "Subheadline": "",
        "Text": "",
        "Islink": "false",
        "Link": "https://tetramatrix.github.io/Mass-Downloader/",
        "Image": "https://maps.googleapis.com/maps/vt?pb=!1m5!1m4!1i17!2i25180!3i53161!4i256!2m1!1e1!2m3!1e0!2sm!3i708457809!3m12!2sen-US!3sUS!5e18!12m4!1e68!2m2!1sset!2sRoadmapSatellite!12m3!1e37!2m1!1ssmartmaps!4e0!5m1!1e3!23i47083502",
        "Isimage": "true",
        "Target": "_self",
        "Height": "300px",
        "Width": "300px",
        "toggle": "on",
        "Kategorie": "on",
        "Sorting": "off",
        "brickid": "off",
        "Additem": "Prepend",
        "OnClick": "",
        "morepics": []
    },
    {
        "Headline": ":: Maxmedia Masonry TYPO3 extension ::",
        "Subheadline": "",
        "Text": "",
        "Islink": "false",
        "Link": "https://tetramatrix.github.io/maxmediamasonry/",
        "Image": "https://maps.googleapis.com/maps/vt?pb=!1m5!1m4!1i17!2i25180!3i53161!4i256!2m1!1e1!2m3!1e0!2sm!3i708457809!3m12!2sen-US!3sUS!5e18!12m4!1e68!2m2!1sset!2sRoadmapSatellite!12m3!1e37!2m1!1ssmartmaps!4e0!5m1!1e3!23i47083502",
        "Isimage": "true",
        "Target": "_self",
        "Height": "300px",
        "Width": "300px",
        "toggle": "on",
        "Kategorie": "on",
        "Sorting": "off",
        "brickid": "off",
        "Additem": "Prepend",
        "OnClick": "",
        "morepics": []
    },
    {
        "Headline": ":: megacpu ::",
        "Subheadline": "",
        "Text": "",
        "Islink": "false",
        "Link": "https://tetramatrix.github.io/megacpu/",
        "Image": "https://maps.googleapis.com/maps/vt?pb=!1m5!1m4!1i17!2i25180!3i53163!4i256!2m1!1e1!2m3!1e0!2sm!3i708457809!3m12!2sen-US!3sUS!5e18!12m4!1e68!2m2!1sset!2sRoadmapSatellite!12m3!1e37!2m1!1ssmartmaps!4e0!5m1!1e3!23i47083502",
        "Isimage": "true",
        "Target": "_self",
        "Height": "300px",
        "Width": "300px",
        "toggle": "on",
        "Kategorie": "on",
        "Sorting": "off",
        "brickid": "off",
        "Additem": "Prepend",
        "OnClick": "",
        "morepics": []
    },
    {
        "Headline": ":: monstercurves ::",
        "Subheadline": "",
        "Text": "Monster curves (space-filling-curves) are fractals used in space filling graphics and mapping applications.",
        "Islink": "false",
        "Link": "https://tetramatrix.github.io/monstercurves/",
        "Image": "https://maps.googleapis.com/maps/vt?pb=!1m5!1m4!1i17!2i25181!3i53163!4i256!2m1!1e1!2m3!1e0!2sm!3i708457809!3m12!2sen-US!3sUS!5e18!12m4!1e68!2m2!1sset!2sRoadmapSatellite!12m3!1e37!2m1!1ssmartmaps!4e0!5m1!1e3!23i47083502",
        "Isimage": "true",
        "Target": "_self",
        "Height": "300px",
        "Width": "300px",
        "toggle": "on",
        "Kategorie": "on",
        "Sorting": "off",
        "brickid": "off",
        "Additem": "Prepend",
        "OnClick": "",
        "morepics": []
    },
    {
        "Headline": ":: Open capacitated vehicle routing problem ::",
        "Subheadline": "",
        "Text": "Algorithm for the open capacitated vehicle routing problem.",
        "Islink": "false",
        "Link": "https://tetramatrix.github.io/ocvrp/",
        "Image": "https://maps.googleapis.com/maps/vt?pb=!1m5!1m4!1i17!2i25182!3i53163!4i256!2m1!1e1!2m3!1e0!2sm!3i708457185!3m12!2sen-US!3sUS!5e18!12m4!1e68!2m2!1sset!2sRoadmapSatellite!12m3!1e37!2m1!1ssmartmaps!4e0!5m1!1e3!23i47083502",
        "Isimage": "true",
        "Target": "_self",
        "Height": "300px",
        "Width": "300px",
        "toggle": "on",
        "Kategorie": "on",
        "Sorting": "off",
        "brickid": "off",
        "Additem": "Prepend",
        "OnClick": "",
        "morepics": []
    },
    {
        "Headline": ":: PHP Aho-Corasick algorithm finite state machine ::",
        "Subheadline": "",
        "Text": "Pure PHP Aho-Corasick algorithm finite state machine) and pattern match with a wildcard and a ternary trie.",
        "Islink": "false",
        "Link": "https://tetramatrix.github.io/phpahocorasick/",
        "Image": "https://maps.googleapis.com/maps/vt?pb=!1m5!1m4!1i17!2i25182!3i53161!4i256!2m1!1e1!2m3!1e0!2sm!3i708455625!3m12!2sen-US!3sUS!5e18!12m4!1e68!2m2!1sset!2sRoadmapSatellite!12m3!1e37!2m1!1ssmartmaps!4e0!5m1!1e3!23i47083502",
        "Isimage": "true",
        "Target": "_self",
        "Height": "300px",
        "Width": "300px",
        "toggle": "on",
        "Kategorie": "on",
        "Sorting": "off",
        "brickid": "off",
        "Additem": "Prepend",
        "OnClick": "",
        "morepics": []
    },
    {
        "Headline": ":: Proxydigger ::",
        "Subheadline": "",
        "Text": "Proxydigger is a simple proxy address browser for Windows.",
        "Islink": "false",
        "Link": "https://tetramatrix.github.io/proxydigger/",
        "Image": "https://maps.googleapis.com/maps/vt?pb=!1m5!1m4!1i17!2i25181!3i53161!4i256!2m1!1e1!2m3!1e0!2sm!3i708457809!3m12!2sen-US!3sUS!5e18!12m4!1e68!2m2!1sset!2sRoadmapSatellite!12m3!1e37!2m1!1ssmartmaps!4e0!5m1!1e3!23i47083502",
        "Isimage": "true",
        "Target": "_self",
        "Height": "300px",
        "Width": "300px",
        "toggle": "on",
        "Kategorie": "on",
        "Sorting": "off",
        "brickid": "off",
        "Additem": "Prepend",
        "OnClick": "",
        "morepics": []
    },
    {
        "Headline": ":: pubsub ::",
        "Subheadline": "",
        "Text": "",
        "Islink": "false",
        "Link": "https://tetramatrix.github.io/pubsub/",
        "Image": "https://maps.googleapis.com/maps/vt?pb=!1m5!1m4!1i17!2i25181!3i53162!4i256!2m1!1e1!2m3!1e0!2sm!3i708457185!3m12!2sen-US!3sUS!5e18!12m4!1e68!2m2!1sset!2sRoadmapSatellite!12m3!1e37!2m1!1ssmartmaps!4e0!5m1!1e3!23i47083502",
        "Isimage": "true",
        "Target": "_self",
        "Height": "300px",
        "Width": "300px",
        "toggle": "on",
        "Kategorie": "on",
        "Sorting": "off",
        "brickid": "off",
        "Additem": "Prepend",
        "OnClick": "",
        "morepics": []
    },
    {
        "Headline": ":: Pure PHP geofence implementation ::",
        "Subheadline": "",
        "Text": "",
        "Islink": "false",
        "Link": "https://tetramatrix.github.io/geofence/",
        "Image": "https://maps.googleapis.com/maps/vt?pb=!1m5!1m4!1i17!2i25180!3i53161!4i256!2m1!1e1!2m3!1e0!2sm!3i708457809!3m12!2sen-US!3sUS!5e18!12m4!1e68!2m2!1sset!2sRoadmapSatellite!12m3!1e37!2m1!1ssmartmaps!4e0!5m1!1e3!23i47083502",
        "Isimage": "true",
        "Target": "_self",
        "Height": "300px",
        "Width": "300px",
        "toggle": "on",
        "Kategorie": "on",
        "Sorting": "off",
        "brickid": "off",
        "Additem": "Prepend",
        "OnClick": "",
        "morepics": []
    },
    {
        "Headline": ":: rlecompression ::",
        "Subheadline": "",
        "Text": "",
        "Islink": "false",
        "Link": "https://tetramatrix.github.io/rlecompression/",
        "Image": "https://maps.googleapis.com/maps/vt?pb=!1m5!1m4!1i17!2i25182!3i53162!4i256!2m1!1e1!2m3!1e0!2sm!3i708457185!3m12!2sen-US!3sUS!5e18!12m4!1e68!2m2!1sset!2sRoadmapSatellite!12m3!1e37!2m1!1ssmartmaps!4e0!5m1!1e3!23i47083502",
        "Isimage": "true",
        "Target": "_self",
        "Height": "300px",
        "Width": "300px",
        "toggle": "on",
        "Kategorie": "on",
        "Sorting": "off",
        "brickid": "off",
        "Additem": "Prepend",
        "OnClick": "",
        "morepics": []
    },
    {
        "Headline": ":: rssreader ::",
        "Subheadline": "",
        "Text": "",
        "Islink": "false",
        "Link": "https://tetramatrix.github.io/rssreader/",
        "Image": "https://maps.googleapis.com/maps/vt?pb=!1m5!1m4!1i17!2i25180!3i53161!4i256!2m1!1e1!2m3!1e0!2sm!3i708457809!3m12!2sen-US!3sUS!5e18!12m4!1e68!2m2!1sset!2sRoadmapSatellite!12m3!1e37!2m1!1ssmartmaps!4e0!5m1!1e3!23i47083502",
        "Isimage": "true",
        "Target": "_self",
        "Height": "300px",
        "Width": "300px",
        "toggle": "on",
        "Kategorie": "on",
        "Sorting": "off",
        "brickid": "off",
        "Additem": "Prepend",
        "OnClick": "",
        "morepics": []
    },
    {
        "Headline": ":: Spaceship ::",
        "Subheadline": "",
        "Text": "Old-School Retro Arcade 2d shmup shooter game",
        "Islink": "false",
        "Link": "https://tetramatrix.github.io/spaceship/",
        "Image": "https://mt1.google.com/vt/lyrs=s&x=201451&y=425310&z=20",
        "Isimage": "true",
        "Target": "_self",
        "Height": "300px",
        "Width": "300px",
        "toggle": "on",
        "Kategorie": "on",
        "Sorting": "off",
        "brickid": "off",
        "Additem": "Prepend",
        "OnClick": "",
        "morepics": []
    },
    {
        "Headline": ":: Sweepstake (periodical events) ::",
        "Subheadline": "",
        "Text": "Sometimes it is necessary to calculate the days of periodical events, like for instance sweepstakes, contests, regular publications, etc..",
        "Islink": "false",
        "Link": "https://tetramatrix.github.io/sweepstake/",
        "Image": "https://maps.googleapis.com/maps/vt?pb=!1m5!1m4!1i17!2i25180!3i53161!4i256!2m1!1e1!2m3!1e0!2sm!3i708457809!3m12!2sen-US!3sUS!5e18!12m4!1e68!2m2!1sset!2sRoadmapSatellite!12m3!1e37!2m1!1ssmartmaps!4e0!5m1!1e3!23i47083502",
        "Isimage": "true",
        "Target": "_self",
        "Height": "300px",
        "Width": "300px",
        "toggle": "on",
        "Kategorie": "on",
        "Sorting": "off",
        "brickid": "off",
        "Additem": "Prepend",
        "OnClick": "",
        "morepics": []
    },
    {
        "Headline": ":: torrc ::",
        "Subheadline": "",
        "Text": "",
        "Islink": "false",
        "Link": "https://tetramatrix.github.io/torrc/",
        "Image": "https://maps.googleapis.com/maps/vt?pb=!1m5!1m4!1i17!2i25180!3i53163!4i256!2m1!1e1!2m3!1e0!2sm!3i708457809!3m12!2sen-US!3sUS!5e18!12m4!1e68!2m2!1sset!2sRoadmapSatellite!12m3!1e37!2m1!1ssmartmaps!4e0!5m1!1e3!23i47083502",
        "Isimage": "true",
        "Target": "_self",
        "Height": "300px",
        "Width": "300px",
        "toggle": "on",
        "Kategorie": "on",
        "Sorting": "off",
        "brickid": "off",
        "Additem": "Prepend",
        "OnClick": "",
        "morepics": []
    },
    {
        "Headline": ":: tuneup ::",
        "Subheadline": "",
        "Text": "",
        "Islink": "false",
        "Link": "https://tetramatrix.github.io/tuneup/",
        "Image": "https://maps.googleapis.com/maps/vt?pb=!1m5!1m4!1i17!2i25182!3i53163!4i256!2m1!1e1!2m3!1e0!2sm!3i708457185!3m12!2sen-US!3sUS!5e18!12m4!1e68!2m2!1sset!2sRoadmapSatellite!12m3!1e37!2m1!1ssmartmaps!4e0!5m1!1e3!23i47083502",
        "Isimage": "true",
        "Target": "_self",
        "Height": "300px",
        "Width": "300px",
        "toggle": "on",
        "Kategorie": "on",
        "Sorting": "off",
        "brickid": "off",
        "Additem": "Prepend",
        "OnClick": "",
        "morepics": []
    },
    {
        "Headline": ":: TYPO3 store locator extension ::",
        "Subheadline": "",
        "Text": "",
        "Islink": "false",
        "Link": "https://tetramatrix.github.io/typo3storelocator/",
        "Image": "https://maps.googleapis.com/maps/vt?pb=!1m5!1m4!1i17!2i25181!3i53161!4i256!2m1!1e1!2m3!1e0!2sm!3i708457809!3m12!2sen-US!3sUS!5e18!12m4!1e68!2m2!1sset!2sRoadmapSatellite!12m3!1e37!2m1!1ssmartmaps!4e0!5m1!1e3!23i47083502",
        "Isimage": "true",
        "Target": "_self",
        "Height": "300px",
        "Width": "300px",
        "toggle": "on",
        "Kategorie": "on",
        "Sorting": "off",
        "brickid": "off",
        "Additem": "Prepend",
        "OnClick": "",
        "morepics": []
    },
    {
        "Headline": ":: typo3dreid ::",
        "Subheadline": "",
        "Text": "",
        "Islink": "false",
        "Link": "https://tetramatrix.github.io/typo3dreid/",
        "Image": "https://maps.googleapis.com/maps/vt?pb=!1m5!1m4!1i17!2i25182!3i53161!4i256!2m1!1e1!2m3!1e0!2sm!3i708455625!3m12!2sen-US!3sUS!5e18!12m4!1e68!2m2!1sset!2sRoadmapSatellite!12m3!1e37!2m1!1ssmartmaps!4e0!5m1!1e3!23i47083502",
        "Isimage": "true",
        "Target": "_self",
        "Height": "300px",
        "Width": "300px",
        "toggle": "on",
        "Kategorie": "on",
        "Sorting": "off",
        "brickid": "off",
        "Additem": "Prepend",
        "OnClick": "",
        "morepics": []
    },
    {
        "Headline": ":: Voronoi diagram ::",
        "Subheadline": "",
        "Text": "",
        "Islink": "false",
        "Link": "https://tetramatrix.github.io/voronoi/",
        "Image": "https://maps.googleapis.com/maps/vt?pb=!1m5!1m4!1i17!2i25181!3i53162!4i256!2m1!1e1!2m3!1e0!2sm!3i708457185!3m12!2sen-US!3sUS!5e18!12m4!1e68!2m2!1sset!2sRoadmapSatellite!12m3!1e37!2m1!1ssmartmaps!4e0!5m1!1e3!23i47083502",
        "Isimage": "true",
        "Target": "_self",
        "Height": "300px",
        "Width": "300px",
        "toggle": "on",
        "Kategorie": "on",
        "Sorting": "off",
        "brickid": "off",
        "Additem": "Prepend",
        "OnClick": "",
        "morepics": []
    },
    {
        "Headline": ":: Weighted delaunay triangulation ::",
        "Subheadline": "",
        "Text": "",
        "Islink": "false",
        "Link": "https://tetramatrix.github.io/weighteddelaunay/",
        "Image": "https://maps.googleapis.com/maps/vt?pb=!1m5!1m4!1i17!2i25180!3i53161!4i256!2m1!1e1!2m3!1e0!2sm!3i708457809!3m12!2sen-US!3sUS!5e18!12m4!1e68!2m2!1sset!2sRoadmapSatellite!12m3!1e37!2m1!1ssmartmaps!4e0!5m1!1e3!23i47083502",
        "Isimage": "true",
        "Target": "_self",
        "Height": "300px",
        "Width": "300px",
        "toggle": "on",
        "Kategorie": "on",
        "Sorting": "off",
        "brickid": "off",
        "Additem": "Prepend",
        "OnClick": "",
        "morepics": []
    },
    {
        "Headline": ":: Wpf RangeSlider for Winforms ::",
        "Subheadline": "",
        "Text": "RangeSlider is a WPF .dll for Winforms.",
        "Islink": "false",
        "Link": "https://tetramatrix.github.io/rangeslider/",
        "Image": "https://maps.googleapis.com/maps/vt?pb=!1m5!1m4!1i17!2i25182!3i53162!4i256!2m1!1e1!2m3!1e0!2sm!3i708457185!3m12!2sen-US!3sUS!5e18!12m4!1e68!2m2!1sset!2sRoadmapSatellite!12m3!1e37!2m1!1ssmartmaps!4e0!5m1!1e3!23i47083502",
        "Isimage": "true",
        "Target": "_self",
        "Height": "300px",
        "Width": "300px",
        "toggle": "on",
        "Kategorie": "on",
        "Sorting": "off",
        "brickid": "off",
        "Additem": "Prepend",
        "OnClick": "",
        "morepics": []
    }
]