[{"Headline":":: Mass-Downloader ::","Subheadline":"","Text":"","Islink":"false","Link":"https:\/\/tetramatrix.github.io\/Mass-Downloader\/","Image":"https:\/\/maps.googleapis.com\/maps\/vt?pb=!1m5!1m4!1i17!2i25181!3i53163!4i256!2m1!1e1!2m3!1e0!2sm!3i708457809!3m12!2sen-US!3sUS!5e18!12m4!1e68!2m2!1sset!2sRoadmapSatellite!12m3!1e37!2m1!1ssmartmaps!4e0!5m1!1e3!23i47083502","Isimage":"true","Target":"_self","Height":"500px","Width":"300px","toggle":"on","Kategorie":"on","Sorting":"off","brickid":"off","Additem":"Prepend","OnClick":"", "morepics" : []},{"Headline":":: Maxmedia Masonry TYPO3 extension ::","Subheadline":"","Text":"","Islink":"false","Link":"https:\/\/tetramatrix.github.io\/maxmediamasonry\/","Image":"https:\/\/maps.googleapis.com\/maps\/vt?pb=!1m5!1m4!1i17!2i25182!3i53163!4i256!2m1!1e1!2m3!1e0!2sm!3i708457185!3m12!2sen-US!3sUS!5e18!12m4!1e68!2m2!1sset!2sRoadmapSatellite!12m3!1e37!2m1!1ssmartmaps!4e0!5m1!1e3!23i47083502","Isimage":"true","Target":"_self","Height":"345px","Width":"300px","toggle":"on","Kategorie":"on","Sorting":"off","brickid":"off","Additem":"Prepend","OnClick":"", "morepics" : []},{"Headline":":: megacpu ::","Subheadline":"","Text":"","Islink":"false","Link":"https:\/\/tetramatrix.github.io\/megacpu\/","Image":"https:\/\/maps.googleapis.com\/maps\/vt?pb=!1m5!1m4!1i17!2i25182!3i53161!4i256!2m1!1e1!2m3!1e0!2sm!3i708455625!3m12!2sen-US!3sUS!5e18!12m4!1e68!2m2!1sset!2sRoadmapSatellite!12m3!1e37!2m1!1ssmartmaps!4e0!5m1!1e3!23i47083502","Isimage":"true","Target":"_self","Height":"400px","Width":"300px","toggle":"on","Kategorie":"on","Sorting":"off","brickid":"off","Additem":"Prepend","OnClick":"", "morepics" : []},{"Headline":":: monstercurves ::","Subheadline":"","Text":"Monster curves (space-filling-curves) are fractals used in space filling graphics and mapping applications.","Islink":"false","Link":"https:\/\/tetramatrix.github.io\/monstercurves\/","Image":"https:\/\/maps.googleapis.com\/maps\/vt?pb=!1m5!1m4!1i17!2i25181!3i53161!4i256!2m1!1e1!2m3!1e0!2sm!3i708457809!3m12!2sen-US!3sUS!5e18!12m4!1e68!2m2!1sset!2sRoadmapSatellite!12m3!1e37!2m1!1ssmartmaps!4e0!5m1!1e3!23i47083502","Isimage":"true","Target":"_self","Height":"300px","Width":"300px","toggle":"on","Kategorie":"on","Sorting":"off","brickid":"off","Additem":"Prepend","OnClick":"", "morepics" : []},{"Headline":":: Open capacitated vehicle routing problem ::","Subheadline":"","Text":"Algorithm for the open capacitated vehicle routing problem.","Islink":"false","Link":"https:\/\/tetramatrix.github.io\/ocvrp\/","Image":"https:\/\/maps.googleapis.com\/maps\/vt?pb=!1m5!1m4!1i17!2i25181!3i53162!4i256!2m1!1e1!2m3!1e0!2sm!3i708457185!3m12!2sen-US!3sUS!5e18!12m4!1e68!2m2!1sset!2sRoadmapSatellite!12m3!1e37!2m1!1ssmartmaps!4e0!5m1!1e3!23i47083502","Isimage":"true","Target":"_self","Height":"330px","Width":"300px","toggle":"on","Kategorie":"on","Sorting":"off","brickid":"off","Additem":"Prepend","OnClick":"", "morepics" : []},{"Headline":":: PHP Aho-Corasick algorithm finite state machine ::","Subheadline":"","Text":"Pure PHP Aho-Corasick algorithm finite state machine) and pattern match with a wildcard and a ternary trie.","Islink":"false","Link":"https:\/\/tetramatrix.github.io\/phpahocorasick\/","Image":"https:\/\/maps.googleapis.com\/maps\/vt?pb=!1m5!1m4!1i17!2i25182!3i53162!4i256!2m1!1e1!2m3!1e0!2sm!3i708457185!3m12!2sen-US!3sUS!5e18!12m4!1e68!2m2!1sset!2sRoadmapSatellite!12m3!1e37!2m1!1ssmartmaps!4e0!5m1!1e3!23i47083502","Isimage":"true","Target":"_self","Height":"300px","Width":"300px","toggle":"on","Kategorie":"on","Sorting":"off","brickid":"off","Additem":"Prepend","OnClick":"", "morepics" : []},{"Headline":":: Proxydigger ::","Subheadline":"","Text":"Proxydigger is a simple proxy address browser for Windows.","Islink":"false","Link":"https:\/\/tetramatrix.github.io\/proxydigger\/","Image":"https:\/\/maps.googleapis.com\/maps\/vt?pb=!1m5!1m4!1i17!2i25180!3i53161!4i256!2m1!1e1!2m3!1e0!2sm!3i708457809!3m12!2sen-US!3sUS!5e18!12m4!1e68!2m2!1sset!2sRoadmapSatellite!12m3!1e37!2m1!1ssmartmaps!4e0!5m1!1e3!23i47083502","Isimage":"true","Target":"_self","Height":"350px","Width":"300px","toggle":"on","Kategorie":"on","Sorting":"off","brickid":"off","Additem":"Prepend","OnClick":"", "morepics" : []},{"Headline":":: pubsub ::","Subheadline":"","Text":"","Islink":"false","Link":"https:\/\/tetramatrix.github.io\/pubsub\/","Image":"https:\/\/maps.googleapis.com\/maps\/vt?pb=!1m5!1m4!1i17!2i25180!3i53161!4i256!2m1!1e1!2m3!1e0!2sm!3i708457809!3m12!2sen-US!3sUS!5e18!12m4!1e68!2m2!1sset!2sRoadmapSatellite!12m3!1e37!2m1!1ssmartmaps!4e0!5m1!1e3!23i47083502","Isimage":"true","Target":"_self","Height":"300px","Width":"300px","toggle":"on","Kategorie":"on","Sorting":"off","brickid":"off","Additem":"Prepend","OnClick":"", "morepics" : []},{"Headline":":: Wpf RangeSlider for Winforms ::","Subheadline":"","Text":"RangeSlider is a WPF .dll for Winforms.","Islink":"false","Link":"https:\/\/tetramatrix.github.io\/rangeslider\/","Image":"https:\/\/maps.googleapis.com\/maps\/vt?pb=!1m5!1m4!1i17!2i25180!3i53163!4i256!2m1!1e1!2m3!1e0!2sm!3i708457809!3m12!2sen-US!3sUS!5e18!12m4!1e68!2m2!1sset!2sRoadmapSatellite!12m3!1e37!2m1!1ssmartmaps!4e0!5m1!1e3!23i47083502","Isimage":"true","Target":"_self","Height":"300px","Width":"300px","toggle":"on","Kategorie":"on","Sorting":"off","brickid":"off","Additem":"Prepend","OnClick":"", "morepics" : []},{"Headline":":: rlecompression ::","Subheadline":"","Text":"","Islink":"false","Link":"https:\/\/tetramatrix.github.io\/rlecompression\/","Image":"https:\/\/maps.googleapis.com\/maps\/vt?pb=!1m5!1m4!1i17!2i25181!3i53163!4i256!2m1!1e1!2m3!1e0!2sm!3i708457809!3m12!2sen-US!3sUS!5e18!12m4!1e68!2m2!1sset!2sRoadmapSatellite!12m3!1e37!2m1!1ssmartmaps!4e0!5m1!1e3!23i47083502","Isimage":"true","Target":"_self","Height":"380px","Width":"300px","toggle":"on","Kategorie":"on","Sorting":"off","brickid":"off","Additem":"Prepend","OnClick":"", "morepics" : []},{"Headline":":: rssreader ::","Subheadline":"","Text":"","Islink":"false","Link":"https:\/\/tetramatrix.github.io\/rssreader\/","Image":"https:\/\/maps.googleapis.com\/maps\/vt?pb=!1m5!1m4!1i17!2i25182!3i53163!4i256!2m1!1e1!2m3!1e0!2sm!3i708457185!3m12!2sen-US!3sUS!5e18!12m4!1e68!2m2!1sset!2sRoadmapSatellite!12m3!1e37!2m1!1ssmartmaps!4e0!5m1!1e3!23i47083502","Isimage":"true","Target":"_self","Height":"300px","Width":"300px","toggle":"on","Kategorie":"on","Sorting":"off","brickid":"off","Additem":"Prepend","OnClick":"", "morepics" : []}]