[{"Headline":":: Spaceship ::","Subheadline":"","Text":"Old-School Retro Arcade 2d shmup shooter game","Islink":"false","Link":"https:\/\/tetramatrix.github.io\/spaceship\/","Image":"https:\/\/mt1.google.com\/vt\/lyrs=s&x=201451&y=425310&z=20","Isimage":"true","Target":"_self","Height":"300px","Width":"300px","toggle":"on","Kategorie":"on","Sorting":"off","brickid":"off","Additem":"Prepend","OnClick":"","morepics":[]},{"Headline":":: Sweepstake (periodical events) ::","Subheadline":"","Text":"Sometimes it is necessary to calculate the days of periodical events, like for instance sweepstakes, contests, regular publications, etc..","Islink":"false","Link":"https:\/\/tetramatrix.github.io\/sweepstake\/","Image":"https:\/\/maps.googleapis.com\/maps\/vt?pb=!1m5!1m4!1i17!2i25181!3i53163!4i256!2m1!1e1!2m3!1e0!2sm!3i708457809!3m12!2sen-US!3sUS!5e18!12m4!1e68!2m2!1sset!2sRoadmapSatellite!12m3!1e37!2m1!1ssmartmaps!4e0!5m1!1e3!23i47083502","Isimage":"true","Target":"_self","Height":"300px","Width":"300px","toggle":"on","Kategorie":"on","Sorting":"off","brickid":"off","Additem":"Prepend","OnClick":"", "morepics" : []},{"Headline":":: torrc ::","Subheadline":"","Text":"","Islink":"false","Link":"https:\/\/tetramatrix.github.io\/torrc\/","Image":"https:\/\/maps.googleapis.com\/maps\/vt?pb=!1m5!1m4!1i17!2i25182!3i53163!4i256!2m1!1e1!2m3!1e0!2sm!3i708457185!3m12!2sen-US!3sUS!5e18!12m4!1e68!2m2!1sset!2sRoadmapSatellite!12m3!1e37!2m1!1ssmartmaps!4e0!5m1!1e3!23i47083502","Isimage":"true","Target":"_self","Height":"350px","Width":"300px","toggle":"on","Kategorie":"on","Sorting":"off","brickid":"off","Additem":"Prepend","OnClick":"", "morepics" : []},{"Headline":":: Delaunay Triangulation ::","Subheadline":"","Text":"This package can perform a very fast Delaunay triangulation for a set of points in a plane. It uses the hilbert sort and the Bowyer-Watson algorithm.","Islink":"false","Link":"https:\/\/tetramatrix.github.io\/triangulation\/","Image":"https:\/\/maps.googleapis.com\/maps\/vt?pb=!1m5!1m4!1i17!2i25182!3i53161!4i256!2m1!1e1!2m3!1e0!2sm!3i708455625!3m12!2sen-US!3sUS!5e18!12m4!1e68!2m2!1sset!2sRoadmapSatellite!12m3!1e37!2m1!1ssmartmaps!4e0!5m1!1e3!23i47083502","Isimage":"true","Target":"_self","Height":"250px","Width":"300px","toggle":"on","Kategorie":"on","Sorting":"off","brickid":"off","Additem":"Prepend","OnClick":"", "morepics" : []},{"Headline":":: tuneup ::","Subheadline":"","Text":"","Islink":"false","Link":"https:\/\/tetramatrix.github.io\/tuneup\/","Image":"https:\/\/maps.googleapis.com\/maps\/vt?pb=!1m5!1m4!1i17!2i25181!3i53161!4i256!2m1!1e1!2m3!1e0!2sm!3i708457809!3m12!2sen-US!3sUS!5e18!12m4!1e68!2m2!1sset!2sRoadmapSatellite!12m3!1e37!2m1!1ssmartmaps!4e0!5m1!1e3!23i47083502","Isimage":"true","Target":"_self","Height":"300px","Width":"300px","toggle":"on","Kategorie":"on","Sorting":"off","brickid":"off","Additem":"Prepend","OnClick":"", "morepics" : []},{"Headline":":: typo3dreid ::","Subheadline":"","Text":"","Islink":"false","Link":"https:\/\/tetramatrix.github.io\/typo3dreid\/","Image":"https:\/\/maps.googleapis.com\/maps\/vt?pb=!1m5!1m4!1i17!2i25181!3i53162!4i256!2m1!1e1!2m3!1e0!2sm!3i708457185!3m12!2sen-US!3sUS!5e18!12m4!1e68!2m2!1sset!2sRoadmapSatellite!12m3!1e37!2m1!1ssmartmaps!4e0!5m1!1e3!23i47083502","Isimage":"true","Target":"_self","Height":"300px","Width":"300px","toggle":"on","Kategorie":"on","Sorting":"off","brickid":"off","Additem":"Prepend","OnClick":"", "morepics" : []},{"Headline":":: TYPO3 store locator extension ::","Subheadline":"","Text":"","Islink":"false","Link":"https:\/\/tetramatrix.github.io\/typo3storelocator\/","Image":"https:\/\/maps.googleapis.com\/maps\/vt?pb=!1m5!1m4!1i17!2i25182!3i53162!4i256!2m1!1e1!2m3!1e0!2sm!3i708457185!3m12!2sen-US!3sUS!5e18!12m4!1e68!2m2!1sset!2sRoadmapSatellite!12m3!1e37!2m1!1ssmartmaps!4e0!5m1!1e3!23i47083502","Isimage":"true","Target":"_self","Height":"300px","Width":"300px","toggle":"on","Kategorie":"on","Sorting":"off","brickid":"off","Additem":"Prepend","OnClick":"", "morepics" : []},{"Headline":":: Voronoi diagram ::","Subheadline":"","Text":"","Islink":"false","Link":"https:\/\/tetramatrix.github.io\/voronoi\/","Image":"https:\/\/maps.googleapis.com\/maps\/vt?pb=!1m5!1m4!1i17!2i25180!3i53161!4i256!2m1!1e1!2m3!1e0!2sm!3i708457809!3m12!2sen-US!3sUS!5e18!12m4!1e68!2m2!1sset!2sRoadmapSatellite!12m3!1e37!2m1!1ssmartmaps!4e0!5m1!1e3!23i47083502","Isimage":"true","Target":"_self","Height":"420px","Width":"300px","toggle":"on","Kategorie":"on","Sorting":"off","brickid":"off","Additem":"Prepend","OnClick":"", "morepics" : []},{"Headline":":: Linksys WAG200G firmware ::","Subheadline":"","Text":"","Islink":"false","Link":"https:\/\/tetramatrix.github.io\/wag200gfirmware\/","Image":"https:\/\/maps.googleapis.com\/maps\/vt?pb=!1m5!1m4!1i17!2i25180!3i53161!4i256!2m1!1e1!2m3!1e0!2sm!3i708457809!3m12!2sen-US!3sUS!5e18!12m4!1e68!2m2!1sset!2sRoadmapSatellite!12m3!1e37!2m1!1ssmartmaps!4e0!5m1!1e3!23i47083502","Isimage":"true","Target":"_self","Height":"300px","Width":"300px","toggle":"on","Kategorie":"on","Sorting":"off","brickid":"off","Additem":"Prepend","OnClick":"", "morepics" : []},{"Headline":":: Linksys WAG200G toolchain ::","Subheadline":"","Text":"","Islink":"false","Link":"https:\/\/tetramatrix.github.io\/wag200gtoolchain\/","Image":"https:\/\/maps.googleapis.com\/maps\/vt?pb=!1m5!1m4!1i17!2i25180!3i53163!4i256!2m1!1e1!2m3!1e0!2sm!3i708457809!3m12!2sen-US!3sUS!5e18!12m4!1e68!2m2!1sset!2sRoadmapSatellite!12m3!1e37!2m1!1ssmartmaps!4e0!5m1!1e3!23i47083502","Isimage":"true","Target":"_self","Height":"500px","Width":"300px","toggle":"on","Kategorie":"on","Sorting":"off","brickid":"off","Additem":"Prepend","OnClick":"", "morepics" : []},{"Headline":":: Weighted delaunay triangulation ::","Subheadline":"","Text":"","Islink":"false","Link":"https:\/\/tetramatrix.github.io\/weighteddelaunay\/","Image":"https:\/\/maps.googleapis.com\/maps\/vt?pb=!1m5!1m4!1i17!2i25181!3i53163!4i256!2m1!1e1!2m3!1e0!2sm!3i708457809!3m12!2sen-US!3sUS!5e18!12m4!1e68!2m2!1sset!2sRoadmapSatellite!12m3!1e37!2m1!1ssmartmaps!4e0!5m1!1e3!23i47083502","Isimage":"true","Target":"_self","Height":"250px","Width":"300px","toggle":"on","Kategorie":"on","Sorting":"off","brickid":"off","Additem":"Prepend","OnClick":"", "morepics" : []}]