
[{"Headline":":: game-db ::","Subheadline":"","Text":"","Islink":"false","Link":"https:\/\/tetramatrix.github.io\/game-db\/","Image":"http:\/\/mt1.google.com\/vt\/lyrs=s&x=1332&y=3151&z=12","Isimage":"true","Target":"_self","Height":"400px","Width":"374px","toggle":"on","Kategorie":"on","Sorting":"off","brickid":"off","Additem":"Prepend","OnClick":""},{"Headline":":: Pure PHP geofence implementation ::","Subheadline":"","Text":"","Islink":"false","Link":"https:\/\/tetramatrix.github.io\/geofence\/","Image":"http:\/\/mt1.google.com\/vt\/lyrs=s&x=1332&y=3152&z=12","Isimage":"true","Target":"_self","Height":"440px","Width":"374px","toggle":"on","Kategorie":"on","Sorting":"off","brickid":"off","Additem":"Prepend","OnClick":""},{"Headline":":: I-Ching\/I-Ging ::","Subheadline":"","Text":"","Islink":"false","Link":"https:\/\/tetramatrix.github.io\/hexagram\/","Image":"http:\/\/mt1.google.com\/vt\/lyrs=s&x=1332&y=3153&z=12","Isimage":"true","Target":"_self","Height":"640px","Width":"374px","toggle":"on","Kategorie":"on","Sorting":"off","brickid":"off","Additem":"Prepend","OnClick":""},{"Headline":":: IP2Location-Lite-Web-Viewer ::","Subheadline":"","Text":"","Islink":"false","Link":"https:\/\/tetramatrix.github.io\/IP2Location-Lite-Web-Viewer\/","Image":"http:\/\/mt1.google.com\/vt\/lyrs=s&x=1333&y=3153&z=12","Isimage":"true","Target":"_self","Height":"350px","Width":"374px","toggle":"on","Kategorie":"on","Sorting":"off","brickid":"off","Additem":"Prepend","OnClick":""},{"Headline":":: Better IP2Location PHP Library ::","Subheadline":"","Text":"Winner 2016 IP2Location PHP library optimization contest! Faster query time!","Islink":"false","Link":"https:\/\/tetramatrix.github.io\/ip2locationphp\/","Image":"http:\/\/mt1.google.com\/vt\/lyrs=s&x=1334&y=3153&z=12","Isimage":"true","Target":"_self","Height":"370px","Width":"374px","toggle":"on","Kategorie":"on","Sorting":"off","brickid":"off","Additem":"Prepend","OnClick":""},{"Headline":":: Better IP2Location PHP Library ::","Subheadline":"","Text":"Winner 2016 IP2Location PHP library optimization contest! Faster query time!","Islink":"false","Link":"https:\/\/tetramatrix.github.io\/ip2locationphp\/","Image":"http:\/\/mt1.google.com\/vt\/lyrs=s&x=1335&y=3153&z=12","Isimage":"true","Target":"_self","Height":"450px","Width":"374px","toggle":"on","Kategorie":"on","Sorting":"off","brickid":"off","Additem":"Prepend","OnClick":""},{"Headline":":: javavmoptions ::","Subheadline":"","Text":"","Islink":"false","Link":"https:\/\/tetramatrix.github.io\/javavmoptions\/","Image":"http:\/\/mt1.google.com\/vt\/lyrs=s&x=1335&y=3154&z=12","Isimage":"true","Target":"_self","Height":"550px","Width":"374px","toggle":"on","Kategorie":"on","Sorting":"off","brickid":"off","Additem":"Prepend","OnClick":""},{"Headline":":: karttrie ::","Subheadline":"","Text":"","Islink":"false","Link":"https:\/\/tetramatrix.github.io\/karttrie\/","Image":"http:\/\/mt1.google.com\/vt\/lyrs=s&x=1335&y=3155&z=12","Isimage":"true","Target":"_self","Height":"420px","Width":"374px","toggle":"on","Kategorie":"on","Sorting":"off","brickid":"off","Additem":"Prepend","OnClick":""},{"Headline":":: knearestneighbor ::","Subheadline":"","Text":"","Islink":"false","Link":"https:\/\/tetramatrix.github.io\/knearestneighbor\/","Image":"http:\/\/mt1.google.com\/vt\/lyrs=s&x=1335&y=3156&z=12","Isimage":"true","Target":"_self","Height":"360px","Width":"374px","toggle":"on","Kategorie":"on","Sorting":"off","brickid":"off","Additem":"Prepend","OnClick":""}]