[{"Headline":":: Alpha-shape ::","Subheadline":"","Text":"This class can find an alpha shape that contains a set of points known as the concave hull.","Islink":"true","Link":"https:\/\/tetramatrix.github.io\/alphashape\/","Image":"http:\/\/mt1.google.com\/vt\/lyrs=s&x=1325&y=3143&z=12","Isimage":"true","Target":"_self","Height":"600px","Width":"374px","toggle":"on","Kategorie":"on","Sorting":"off","brickid":"off","Additem":"Prepend","OnClick":""},{"Headline":":: Additively weighted Voronoi diagram ::","Subheadline":"","Text":"The additively weighted Voronoi diagram is defined when positive weights are subtracted from the distances between points. In the plane under the ordinary Euclidean distance this diagram is also known as the hyperbolic Dirichlet tessellation and its edges are hyperbolic arc and straight line segments.","Islink":"true","Link":"https:\/\/tetramatrix.github.io\/awvd\/","Image":"http:\/\/mt1.google.com\/vt\/lyrs=s&x=1325&y=3144&z=12","Isimage":"true","Target":"_self","Height":"400px","Width":"765px","toggle":"on","Kategorie":"on","Sorting":"off","brickid":"off","Additem":"Prepend","OnClick":""},{"Headline":":: Better-PHP-License-Manager-System ::","Subheadline":"","Text":"","Islink":"false","Link":"https:\/\/tetramatrix.github.io\/Better-PHP-License-Manager-System\/","Image":"http:\/\/mt1.google.com\/vt\/lyrs=s&x=1325&y=3145&z=12","Isimage":"true","Target":"_self","Height":"300px","Width":"374px","toggle":"on","Kategorie":"on","Sorting":"off","brickid":"off","Additem":"Prepend","OnClick":""},{"Headline":":: bash-regexp ::","Subheadline":"","Text":"","Islink":"false","Link":"https:\/\/tetramatrix.github.io\/bash-regexp\/","Image":"http:\/\/mt1.google.com\/vt\/lyrs=s&x=1325&y=3146&z=12","Isimage":"true","Target":"_self","Height":"300px","Width":"374px","toggle":"on","Kategorie":"off","Sorting":"off","brickid":"off","Additem":"Prepend","OnClick":""},{"Headline":":: christofidesheuristic ::","Subheadline":"","Text":"","Islink":"false","Link":"https:\/\/tetramatrix.github.io\/christofidesheuristic\/","Image":"http:\/\/mt1.google.com\/vt\/lyrs=s&x=1326&y=3146&z=12","Isimage":"true","Target":"_self","Height":"300px","Width":"374px","toggle":"on","Kategorie":"off","Sorting":"off","brickid":"off","Additem":"Prepend","OnClick":""},{"Headline":":: How to Render 3D Surfaces in PHP - PHP Contour Plot package ::","Subheadline":"","Text":"Some applications require the visualization of 3 dimensional surfaces in 2 dimensional image. Contour plots allow us to render a representation of 3 dimensional surfaces that represent irregular shapes like for instance from a geographic map.","Islink":"false","Link":"https:\/\/tetramatrix.github.io\/cntm\/","Image":"http:\/\/mt1.google.com\/vt\/lyrs=s&x=1327&y=3146&z=12","Isimage":"true","Target":"_self","Height":"300px","Width":"374px","toggle":"on","Kategorie":"on","Sorting":"off","brickid":"off","Additem":"Prepend","OnClick":""},{"Headline":":: concavehull ::","Subheadline":"","Text":"","Islink":"false","Link":"https:\/\/tetramatrix.github.io\/concavehull\/","Image":"http:\/\/mt1.google.com\/vt\/lyrs=s&x=1328&y=3146&z=12","Isimage":"true","Target":"_self","Height":"300px","Width":"374px","toggle":"on","Kategorie":"on","Sorting":"off","brickid":"off","Additem":"Prepend","OnClick":""},{"Headline":":: dotsgame ::","Subheadline":"","Text":"","Islink":"false","Link":"https:\/\/tetramatrix.github.io\/dotsgame\/","Image":"http:\/\/mt1.google.com\/vt\/lyrs=s&x=1328&y=3147&z=12","Isimage":"true","Target":"_self","Height":"300px","Width":"374px","toggle":"on","Kategorie":"on","Sorting":"off","brickid":"off","Additem":"Prepend","OnClick":""},{"Headline":":: dotsgamechrome ::","Subheadline":"","Text":"","Islink":"false","Link":"https:\/\/tetramatrix.github.io\/dotsgamechrome\/","Image":"http:\/\/mt1.google.com\/vt\/lyrs=s&x=1328&y=3148&z=12","Isimage":"true","Target":"_self","Height":"300px","Width":"374px","toggle":"on","Kategorie":"on","Sorting":"off","brickid":"off","Additem":"Prepend","OnClick":""},{"Headline":":: Doxmyip ::","Subheadline":"","Text":"Doxmyip is a simple IP address browser for Windows.","Islink":"false","Link":"https:\/\/tetramatrix.github.io\/doxmyipwindowstool\/","Image":"http:\/\/mt1.google.com\/vt\/lyrs=s&x=1328&y=3149&z=12","Isimage":"true","Target":"_self","Height":"300px","Width":"374px","toggle":"on","Kategorie":"on","Sorting":"off","brickid":"off","Additem":"Prepend","OnClick":""},{"Headline":":: energytools ::","Subheadline":"","Text":"","Islink":"false","Link":"https:\/\/tetramatrix.github.io\/energytools\/","Image":"http:\/\/mt1.google.com\/vt\/lyrs=s&x=1329&y=3149&z=12","Isimage":"true","Target":"_self","Height":"300px","Width":"374px","toggle":"on","Kategorie":"on","Sorting":"off","brickid":"off","Additem":"Prepend","OnClick":""},{"Headline":":: eulercircuit ::","Subheadline":"","Text":"","Islink":"false","Link":"https:\/\/tetramatrix.github.io\/eulercircuit\/","Image":"http:\/\/mt1.google.com\/vt\/lyrs=s&x=1330&y=3149&z=12","Isimage":"true","Target":"_self","Height":"300px","Width":"374px","toggle":"on","Kategorie":"on","Sorting":"off","brickid":"off","Additem":"Prepend","OnClick":""},{"Headline":":: Faster-PHP-IP2Location ::","Subheadline":"","Text":"","Islink":"false","Link":"https:\/\/tetramatrix.github.io\/Faster-PHP-IP2Location\/","Image":"http:\/\/mt1.google.com\/vt\/lyrs=s&x=1331&y=3149&z=12","Isimage":"true","Target":"_self","Height":"300px","Width":"374px","toggle":"on","Kategorie":"on","Sorting":"off","brickid":"off","Additem":"Prepend","OnClick":""},{"Headline":":: fastpm ::","Subheadline":"","Text":"","Islink":"false","Link":"https:\/\/tetramatrix.github.io\/fastpm\/","Image":"http:\/\/mt1.google.com\/vt\/lyrs=s&x=1332&y=3149&z=12","Isimage":"true","Target":"_self","Height":"300px","Width":"374px","toggle":"on","Kategorie":"on","Sorting":"off","brickid":"off","Additem":"Prepend","OnClick":""},{"Headline":":: Android finetune ::","Subheadline":"","Text":"Top-notch professional fast tune up finetune android package. Tested with Nokia N900 (Maemo), Gionee Pioneer GN 100, Lenovo A536, Cubot Note S (Android 6).","Islink":"false","Link":"https:\/\/tetramatrix.github.io\/finetune\/","Image":"http:\/\/mt1.google.com\/vt\/lyrs=s&x=1333&y=3149&z=12","Isimage":"true","Target":"_self","Height":"300px","Width":"374px","toggle":"on","Kategorie":"on","Sorting":"off","brickid":"off","Additem":"Prepend","OnClick":""},{"Headline":":: fractalgenerator ::","Subheadline":"","Text":"","Islink":"false","Link":"https:\/\/tetramatrix.github.io\/fractalgenerator\/","Image":"http:\/\/mt1.google.com\/vt\/lyrs=s&x=1332&y=3150&z=12","Isimage":"true","Target":"_self","Height":"300px","Width":"374px","toggle":"on","Kategorie":"on","Sorting":"off","brickid":"off","Additem":"Prepend","OnClick":""},{"Headline":":: game-db ::","Subheadline":"","Text":"","Islink":"false","Link":"https:\/\/tetramatrix.github.io\/game-db\/","Image":"http:\/\/mt1.google.com\/vt\/lyrs=s&x=1332&y=3151&z=12","Isimage":"true","Target":"_self","Height":"300px","Width":"374px","toggle":"on","Kategorie":"on","Sorting":"off","brickid":"off","Additem":"Prepend","OnClick":""},{"Headline":":: Pure PHP geofence implementation ::","Subheadline":"","Text":"","Islink":"false","Link":"https:\/\/tetramatrix.github.io\/geofence\/","Image":"http:\/\/mt1.google.com\/vt\/lyrs=s&x=1332&y=3152&z=12","Isimage":"true","Target":"_self","Height":"300px","Width":"374px","toggle":"on","Kategorie":"on","Sorting":"off","brickid":"off","Additem":"Prepend","OnClick":""},{"Headline":":: I-Ching\/I-Ging ::","Subheadline":"","Text":"","Islink":"false","Link":"https:\/\/tetramatrix.github.io\/hexagram\/","Image":"http:\/\/mt1.google.com\/vt\/lyrs=s&x=1332&y=3153&z=12","Isimage":"true","Target":"_self","Height":"300px","Width":"374px","toggle":"on","Kategorie":"on","Sorting":"off","brickid":"off","Additem":"Prepend","OnClick":""},{"Headline":":: IP2Location-Lite-Web-Viewer ::","Subheadline":"","Text":"","Islink":"false","Link":"https:\/\/tetramatrix.github.io\/IP2Location-Lite-Web-Viewer\/","Image":"http:\/\/mt1.google.com\/vt\/lyrs=s&x=1333&y=3153&z=12","Isimage":"true","Target":"_self","Height":"300px","Width":"374px","toggle":"on","Kategorie":"on","Sorting":"off","brickid":"off","Additem":"Prepend","OnClick":""},{"Headline":":: Better IP2Location PHP Library ::","Subheadline":"","Text":"Winner 2016 IP2Location PHP library optimization contest! Faster query time!","Islink":"false","Link":"https:\/\/tetramatrix.github.io\/ip2locationphp\/","Image":"http:\/\/mt1.google.com\/vt\/lyrs=s&x=1334&y=3153&z=12","Isimage":"true","Target":"_self","Height":"300px","Width":"374px","toggle":"on","Kategorie":"on","Sorting":"off","brickid":"off","Additem":"Prepend","OnClick":""},{"Headline":":: Better IP2Location PHP Library ::","Subheadline":"","Text":"Winner 2016 IP2Location PHP library optimization contest! Faster query time!","Islink":"false","Link":"https:\/\/tetramatrix.github.io\/ip2locationphp\/","Image":"http:\/\/mt1.google.com\/vt\/lyrs=s&x=1335&y=3153&z=12","Isimage":"true","Target":"_self","Height":"300px","Width":"374px","toggle":"on","Kategorie":"on","Sorting":"off","brickid":"off","Additem":"Prepend","OnClick":""},{"Headline":":: javavmoptions ::","Subheadline":"","Text":"","Islink":"false","Link":"https:\/\/tetramatrix.github.io\/javavmoptions\/","Image":"http:\/\/mt1.google.com\/vt\/lyrs=s&x=1335&y=3154&z=12","Isimage":"true","Target":"_self","Height":"300px","Width":"374px","toggle":"on","Kategorie":"on","Sorting":"off","brickid":"off","Additem":"Prepend","OnClick":""},{"Headline":":: karttrie ::","Subheadline":"","Text":"","Islink":"false","Link":"https:\/\/tetramatrix.github.io\/karttrie\/","Image":"http:\/\/mt1.google.com\/vt\/lyrs=s&x=1335&y=3155&z=12","Isimage":"true","Target":"_self","Height":"300px","Width":"374px","toggle":"on","Kategorie":"on","Sorting":"off","brickid":"off","Additem":"Prepend","OnClick":""},{"Headline":":: knearestneighbor ::","Subheadline":"","Text":"","Islink":"false","Link":"https:\/\/tetramatrix.github.io\/knearestneighbor\/","Image":"http:\/\/mt1.google.com\/vt\/lyrs=s&x=1335&y=3156&z=12","Isimage":"true","Target":"_self","Height":"300px","Width":"374px","toggle":"on","Kategorie":"on","Sorting":"off","brickid":"off","Additem":"Prepend","OnClick":""},{"Headline":":: Mass-Downloader ::","Subheadline":"","Text":"","Islink":"false","Link":"https:\/\/tetramatrix.github.io\/Mass-Downloader\/","Image":"http:\/\/mt1.google.com\/vt\/lyrs=s&x=1335&y=3157&z=12","Isimage":"true","Target":"_self","Height":"300px","Width":"374px","toggle":"on","Kategorie":"on","Sorting":"off","brickid":"off","Additem":"Prepend","OnClick":""},{"Headline":":: Maxmedia Masonry TYPO3 extension ::","Subheadline":"","Text":"","Islink":"false","Link":"https:\/\/tetramatrix.github.io\/maxmediamasonry\/","Image":"http:\/\/mt1.google.com\/vt\/lyrs=s&x=1336&y=3157&z=12","Isimage":"true","Target":"_self","Height":"300px","Width":"374px","toggle":"on","Kategorie":"on","Sorting":"off","brickid":"off","Additem":"Prepend","OnClick":""},{"Headline":":: megacpu ::","Subheadline":"","Text":"","Islink":"false","Link":"https:\/\/tetramatrix.github.io\/megacpu\/","Image":"http:\/\/mt1.google.com\/vt\/lyrs=s&x=1337&y=3157&z=12","Isimage":"true","Target":"_self","Height":"300px","Width":"374px","toggle":"on","Kategorie":"on","Sorting":"off","brickid":"off","Additem":"Prepend","OnClick":""},{"Headline":":: monstercurves ::","Subheadline":"","Text":"Monster curves (space-filling-curves) are fractals used in space filling graphics and mapping applications.","Islink":"false","Link":"https:\/\/tetramatrix.github.io\/monstercurves\/","Image":"http:\/\/mt1.google.com\/vt\/lyrs=s&x=1338&y=3157&z=12","Isimage":"true","Target":"_self","Height":"300px","Width":"374px","toggle":"on","Kategorie":"on","Sorting":"off","brickid":"off","Additem":"Prepend","OnClick":""},{"Headline":":: Open capacitated vehicle routing problem ::","Subheadline":"","Text":"Algorithm for the open capacitated vehicle routing problem.","Islink":"false","Link":"https:\/\/tetramatrix.github.io\/ocvrp\/","Image":"http:\/\/mt1.google.com\/vt\/lyrs=s&x=1339&y=3157&z=12","Isimage":"true","Target":"_self","Height":"300px","Width":"374px","toggle":"on","Kategorie":"on","Sorting":"off","brickid":"off","Additem":"Prepend","OnClick":""},{"Headline":":: PHP Aho-Corasick algorithm finite state machine ::","Subheadline":"","Text":"Pure PHP Aho-Corasick algorithm finite state machine) and pattern match with a wildcard and a ternary trie.","Islink":"false","Link":"https:\/\/tetramatrix.github.io\/phpahocorasick\/","Image":"http:\/\/mt1.google.com\/vt\/lyrs=s&x=1339&y=3158&z=12","Isimage":"true","Target":"_self","Height":"300px","Width":"374px","toggle":"on","Kategorie":"on","Sorting":"off","brickid":"off","Additem":"Prepend","OnClick":""},{"Headline":":: Proxydigger ::","Subheadline":"","Text":"Proxydigger is a simple proxy address browser for Windows.","Islink":"false","Link":"https:\/\/tetramatrix.github.io\/proxydigger\/","Image":"http:\/\/mt1.google.com\/vt\/lyrs=s&x=1339&y=3159&z=12","Isimage":"true","Target":"_self","Height":"300px","Width":"374px","toggle":"on","Kategorie":"on","Sorting":"off","brickid":"off","Additem":"Prepend","OnClick":""},{"Headline":":: pubsub ::","Subheadline":"","Text":"","Islink":"false","Link":"https:\/\/tetramatrix.github.io\/pubsub\/","Image":"http:\/\/mt1.google.com\/vt\/lyrs=s&x=1339&y=3160&z=12","Isimage":"true","Target":"_self","Height":"300px","Width":"374px","toggle":"on","Kategorie":"on","Sorting":"off","brickid":"off","Additem":"Prepend","OnClick":""},{"Headline":":: Wpf RangeSlider for Winforms ::","Subheadline":"","Text":"RangeSlider is a WPF .dll for Winforms.","Islink":"false","Link":"https:\/\/tetramatrix.github.io\/rangeslider\/","Image":"http:\/\/mt1.google.com\/vt\/lyrs=s&x=1341&y=3160&z=12","Isimage":"true","Target":"_self","Height":"300px","Width":"374px","toggle":"on","Kategorie":"on","Sorting":"off","brickid":"off","Additem":"Prepend","OnClick":""},{"Headline":":: rlecompression ::","Subheadline":"","Text":"","Islink":"false","Link":"https:\/\/tetramatrix.github.io\/rlecompression\/","Image":"http:\/\/mt1.google.com\/vt\/lyrs=s&x=1342&y=3160&z=12","Isimage":"true","Target":"_self","Height":"300px","Width":"374px","toggle":"on","Kategorie":"on","Sorting":"off","brickid":"off","Additem":"Prepend","OnClick":""},{"Headline":":: rssreader ::","Subheadline":"","Text":"","Islink":"false","Link":"https:\/\/tetramatrix.github.io\/rssreader\/","Image":"http:\/\/mt1.google.com\/vt\/lyrs=s&x=1342&y=3161&z=12","Isimage":"true","Target":"_self","Height":"300px","Width":"374px","toggle":"on","Kategorie":"on","Sorting":"off","brickid":"off","Additem":"Prepend","OnClick":""},{"Headline":":: Sweepstake (periodical events) ::","Subheadline":"","Text":"Sometimes it is necessary to calculate the days of periodical events, like for instance sweepstakes, contests, regular publications, etc..","Islink":"false","Link":"https:\/\/tetramatrix.github.io\/sweepstake\/","Image":"http:\/\/mt1.google.com\/vt\/lyrs=s&x=1342&y=3162&z=12","Isimage":"true","Target":"_self","Height":"300px","Width":"374px","toggle":"on","Kategorie":"on","Sorting":"off","brickid":"off","Additem":"Prepend","OnClick":""},{"Headline":":: torrc ::","Subheadline":"","Text":"","Islink":"false","Link":"https:\/\/tetramatrix.github.io\/torrc\/","Image":"http:\/\/mt1.google.com\/vt\/lyrs=s&x=1342&y=3163&z=12","Isimage":"true","Target":"_self","Height":"300px","Width":"374px","toggle":"on","Kategorie":"on","Sorting":"off","brickid":"off","Additem":"Prepend","OnClick":""},{"Headline":":: Delaunay Triangulation ::","Subheadline":"","Text":"This package can perform a very fast Delaunay triangulation for a set of points in a plane. It uses the hilbert sort and the Bowyer-Watson algorithm.","Islink":"false","Link":"https:\/\/tetramatrix.github.io\/torrc\/","Image":"http:\/\/mt1.google.com\/vt\/lyrs=s&x=1343&y=3163&z=12","Isimage":"true","Target":"_self","Height":"300px","Width":"374px","toggle":"on","Kategorie":"on","Sorting":"off","brickid":"off","Additem":"Prepend","OnClick":""},{"Headline":":: tuneup ::","Subheadline":"","Text":"","Islink":"false","Link":"https:\/\/tetramatrix.github.io\/tuneup\/","Image":"http:\/\/mt1.google.com\/vt\/lyrs=s&x=1344&y=3163&z=12","Isimage":"true","Target":"_self","Height":"300px","Width":"374px","toggle":"on","Kategorie":"on","Sorting":"off","brickid":"off","Additem":"Prepend","OnClick":""},{"Headline":":: typo3dreid ::","Subheadline":"","Text":"","Islink":"false","Link":"https:\/\/tetramatrix.github.io\/typo3dreid\/","Image":"http:\/\/mt1.google.com\/vt\/lyrs=s&x=1344&y=3164&z=12","Isimage":"true","Target":"_self","Height":"300px","Width":"374px","toggle":"on","Kategorie":"on","Sorting":"off","brickid":"off","Additem":"Prepend","OnClick":""},{"Headline":":: TYPO3 store locator extension ::","Subheadline":"","Text":"","Islink":"false","Link":"https:\/\/tetramatrix.github.io\/typo3storelocator\/","Image":"http:\/\/mt1.google.com\/vt\/lyrs=s&x=1343&y=3165&z=12","Isimage":"true","Target":"_self","Height":"300px","Width":"374px","toggle":"on","Kategorie":"on","Sorting":"off","brickid":"off","Additem":"Prepend","OnClick":""},{"Headline":":: Voronoi diagram ::","Subheadline":"","Text":"","Islink":"false","Link":"https:\/\/tetramatrix.github.io\/voronoi\/","Image":"http:\/\/mt1.google.com\/vt\/lyrs=s&x=1343&y=3166&z=12","Isimage":"true","Target":"_self","Height":"300px","Width":"374px","toggle":"on","Kategorie":"on","Sorting":"off","brickid":"off","Additem":"Prepend","OnClick":""},{"Headline":":: Linksys WAG200G firmware ::","Subheadline":"","Text":"","Islink":"false","Link":"https:\/\/tetramatrix.github.io\/wag200gfirmware\/","Image":"http:\/\/mt1.google.com\/vt\/lyrs=s&x=1343&y=3167&z=12","Isimage":"true","Target":"_self","Height":"300px","Width":"374px","toggle":"on","Kategorie":"on","Sorting":"off","brickid":"off","Additem":"Prepend","OnClick":""},{"Headline":":: Linksys WAG200G toolchain ::","Subheadline":"","Text":"","Islink":"false","Link":"https:\/\/tetramatrix.github.io\/wag200gtoolchain\/","Image":"http:\/\/mt1.google.com\/vt\/lyrs=s&x=1344&y=3167&z=12","Isimage":"true","Target":"_self","Height":"300px","Width":"374px","toggle":"on","Kategorie":"on","Sorting":"off","brickid":"off","Additem":"Prepend","OnClick":""},{"Headline":":: Weighted delaunay triangulation ::","Subheadline":"","Text":"","Islink":"false","Link":"https:\/\/tetramatrix.github.io\/weighteddelaunay\/","Image":"http:\/\/mt1.google.com\/vt\/lyrs=s&x=1344&y=3167&z=12","Isimage":"true","Target":"_self","Height":"300px","Width":"374px","toggle":"on","Kategorie":"on","Sorting":"off","brickid":"off","Additem":"Prepend","OnClick":""}]