[{"Headline":":: Mass-Downloader ::","Subheadline":"","Text":"","Islink":"false","Link":"https:\/\/tetramatrix.github.io\/Mass-Downloader\/","Image":"http:\/\/mt1.google.com\/vt\/lyrs=s&x=1335&y=3157&z=12","Isimage":"true","Target":"_self","Height":"500px","Width":"374px","toggle":"on","Kategorie":"on","Sorting":"off","brickid":"off","Additem":"Prepend","OnClick":""},{"Headline":":: Maxmedia Masonry TYPO3 extension ::","Subheadline":"","Text":"","Islink":"false","Link":"https:\/\/tetramatrix.github.io\/maxmediamasonry\/","Image":"http:\/\/mt1.google.com\/vt\/lyrs=s&x=1336&y=3157&z=12","Isimage":"true","Target":"_self","Height":"345px","Width":"374px","toggle":"on","Kategorie":"on","Sorting":"off","brickid":"off","Additem":"Prepend","OnClick":""},{"Headline":":: megacpu ::","Subheadline":"","Text":"","Islink":"false","Link":"https:\/\/tetramatrix.github.io\/megacpu\/","Image":"http:\/\/mt1.google.com\/vt\/lyrs=s&x=1337&y=3157&z=12","Isimage":"true","Target":"_self","Height":"400px","Width":"374px","toggle":"on","Kategorie":"on","Sorting":"off","brickid":"off","Additem":"Prepend","OnClick":""},{"Headline":":: monstercurves ::","Subheadline":"","Text":"Monster curves (space-filling-curves) are fractals used in space filling graphics and mapping applications.","Islink":"false","Link":"https:\/\/tetramatrix.github.io\/monstercurves\/","Image":"http:\/\/mt1.google.com\/vt\/lyrs=s&x=1338&y=3157&z=12","Isimage":"true","Target":"_self","Height":"300px","Width":"374px","toggle":"on","Kategorie":"on","Sorting":"off","brickid":"off","Additem":"Prepend","OnClick":""},{"Headline":":: Open capacitated vehicle routing problem ::","Subheadline":"","Text":"Algorithm for the open capacitated vehicle routing problem.","Islink":"false","Link":"https:\/\/tetramatrix.github.io\/ocvrp\/","Image":"http:\/\/mt1.google.com\/vt\/lyrs=s&x=1339&y=3157&z=12","Isimage":"true","Target":"_self","Height":"330px","Width":"374px","toggle":"on","Kategorie":"on","Sorting":"off","brickid":"off","Additem":"Prepend","OnClick":""},{"Headline":":: PHP Aho-Corasick algorithm finite state machine ::","Subheadline":"","Text":"Pure PHP Aho-Corasick algorithm finite state machine) and pattern match with a wildcard and a ternary trie.","Islink":"false","Link":"https:\/\/tetramatrix.github.io\/phpahocorasick\/","Image":"http:\/\/mt1.google.com\/vt\/lyrs=s&x=1339&y=3158&z=12","Isimage":"true","Target":"_self","Height":"300px","Width":"374px","toggle":"on","Kategorie":"on","Sorting":"off","brickid":"off","Additem":"Prepend","OnClick":""},{"Headline":":: Proxydigger ::","Subheadline":"","Text":"Proxydigger is a simple proxy address browser for Windows.","Islink":"false","Link":"https:\/\/tetramatrix.github.io\/proxydigger\/","Image":"http:\/\/mt1.google.com\/vt\/lyrs=s&x=1339&y=3159&z=12","Isimage":"true","Target":"_self","Height":"350px","Width":"474px","toggle":"on","Kategorie":"on","Sorting":"off","brickid":"off","Additem":"Prepend","OnClick":""},{"Headline":":: pubsub ::","Subheadline":"","Text":"","Islink":"false","Link":"https:\/\/tetramatrix.github.io\/pubsub\/","Image":"http:\/\/mt1.google.com\/vt\/lyrs=s&x=1339&y=3160&z=12","Isimage":"true","Target":"_self","Height":"300px","Width":"374px","toggle":"on","Kategorie":"on","Sorting":"off","brickid":"off","Additem":"Prepend","OnClick":""},{"Headline":":: Wpf RangeSlider for Winforms ::","Subheadline":"","Text":"RangeSlider is a WPF .dll for Winforms.","Islink":"false","Link":"https:\/\/tetramatrix.github.io\/rangeslider\/","Image":"http:\/\/mt1.google.com\/vt\/lyrs=s&x=1341&y=3160&z=12","Isimage":"true","Target":"_self","Height":"300px","Width":"374px","toggle":"on","Kategorie":"on","Sorting":"off","brickid":"off","Additem":"Prepend","OnClick":""},{"Headline":":: rlecompression ::","Subheadline":"","Text":"","Islink":"false","Link":"https:\/\/tetramatrix.github.io\/rlecompression\/","Image":"http:\/\/mt1.google.com\/vt\/lyrs=s&x=1342&y=3160&z=12","Isimage":"true","Target":"_self","Height":"380px","Width":"374px","toggle":"on","Kategorie":"on","Sorting":"off","brickid":"off","Additem":"Prepend","OnClick":""},{"Headline":":: rssreader ::","Subheadline":"","Text":"","Islink":"false","Link":"https:\/\/tetramatrix.github.io\/rssreader\/","Image":"http:\/\/mt1.google.com\/vt\/lyrs=s&x=1342&y=3161&z=12","Isimage":"true","Target":"_self","Height":"300px","Width":"374px","toggle":"on","Kategorie":"on","Sorting":"off","brickid":"off","Additem":"Prepend","OnClick":""}]