[{"Headline":":: Sweepstake (periodical events) ::","Subheadline":"","Text":"Sometimes it is necessary to calculate the days of periodical events, like for instance sweepstakes, contests, regular publications, etc..","Islink":"false","Link":"https:\/\/tetramatrix.github.io\/sweepstake\/","Image":"http:\/\/mt1.google.com\/vt\/lyrs=s&x=1342&y=3162&z=12","Isimage":"true","Target":"_self","Height":"300px","Width":"374px","toggle":"on","Kategorie":"on","Sorting":"off","brickid":"off","Additem":"Prepend","OnClick":""},{"Headline":":: torrc ::","Subheadline":"","Text":"","Islink":"false","Link":"https:\/\/tetramatrix.github.io\/torrc\/","Image":"http:\/\/mt1.google.com\/vt\/lyrs=s&x=1342&y=3163&z=12","Isimage":"true","Target":"_self","Height":"350px","Width":"374px","toggle":"on","Kategorie":"on","Sorting":"off","brickid":"off","Additem":"Prepend","OnClick":""},{"Headline":":: Delaunay Triangulation ::","Subheadline":"","Text":"This package can perform a very fast Delaunay triangulation for a set of points in a plane. It uses the hilbert sort and the Bowyer-Watson algorithm.","Islink":"false","Link":"https:\/\/tetramatrix.github.io\/torrc\/","Image":"http:\/\/mt1.google.com\/vt\/lyrs=s&x=1343&y=3163&z=12","Isimage":"true","Target":"_self","Height":"250px","Width":"374px","toggle":"on","Kategorie":"on","Sorting":"off","brickid":"off","Additem":"Prepend","OnClick":""},{"Headline":":: tuneup ::","Subheadline":"","Text":"","Islink":"false","Link":"https:\/\/tetramatrix.github.io\/tuneup\/","Image":"http:\/\/mt1.google.com\/vt\/lyrs=s&x=1344&y=3163&z=12","Isimage":"true","Target":"_self","Height":"300px","Width":"374px","toggle":"on","Kategorie":"on","Sorting":"off","brickid":"off","Additem":"Prepend","OnClick":""},{"Headline":":: typo3dreid ::","Subheadline":"","Text":"","Islink":"false","Link":"https:\/\/tetramatrix.github.io\/typo3dreid\/","Image":"http:\/\/mt1.google.com\/vt\/lyrs=s&x=1344&y=3164&z=12","Isimage":"true","Target":"_self","Height":"300px","Width":"374px","toggle":"on","Kategorie":"on","Sorting":"off","brickid":"off","Additem":"Prepend","OnClick":""},{"Headline":":: TYPO3 store locator extension ::","Subheadline":"","Text":"","Islink":"false","Link":"https:\/\/tetramatrix.github.io\/typo3storelocator\/","Image":"http:\/\/mt1.google.com\/vt\/lyrs=s&x=1343&y=3165&z=12","Isimage":"true","Target":"_self","Height":"300px","Width":"374px","toggle":"on","Kategorie":"on","Sorting":"off","brickid":"off","Additem":"Prepend","OnClick":""},{"Headline":":: Voronoi diagram ::","Subheadline":"","Text":"","Islink":"false","Link":"https:\/\/tetramatrix.github.io\/voronoi\/","Image":"http:\/\/mt1.google.com\/vt\/lyrs=s&x=1343&y=3166&z=12","Isimage":"true","Target":"_self","Height":"420px","Width":"374px","toggle":"on","Kategorie":"on","Sorting":"off","brickid":"off","Additem":"Prepend","OnClick":""},{"Headline":":: Linksys WAG200G firmware ::","Subheadline":"","Text":"","Islink":"false","Link":"https:\/\/tetramatrix.github.io\/wag200gfirmware\/","Image":"http:\/\/mt1.google.com\/vt\/lyrs=s&x=1343&y=3167&z=12","Isimage":"true","Target":"_self","Height":"300px","Width":"374px","toggle":"on","Kategorie":"on","Sorting":"off","brickid":"off","Additem":"Prepend","OnClick":""},{"Headline":":: Linksys WAG200G toolchain ::","Subheadline":"","Text":"","Islink":"false","Link":"https:\/\/tetramatrix.github.io\/wag200gtoolchain\/","Image":"http:\/\/mt1.google.com\/vt\/lyrs=s&x=1344&y=3167&z=12","Isimage":"true","Target":"_self","Height":"500px","Width":"474px","toggle":"on","Kategorie":"on","Sorting":"off","brickid":"off","Additem":"Prepend","OnClick":""},{"Headline":":: Weighted delaunay triangulation ::","Subheadline":"","Text":"","Islink":"false","Link":"https:\/\/tetramatrix.github.io\/weighteddelaunay\/","Image":"http:\/\/mt1.google.com\/vt\/lyrs=s&x=1344&y=3167&z=12","Isimage":"true","Target":"_self","Height":"250px","Width":"374px","toggle":"on","Kategorie":"on","Sorting":"off","brickid":"off","Additem":"Prepend","OnClick":""}]